Workbook

Sheet Compatibility Report
B1: Compatibility Report for Izo dulkes.xls
B2: Run on 2010.09.30 22:52
B4: The following features in this workbook are not supported by earlier versions of Excel. These features may be lost or degraded when you save this workbook in an earlier file format.
B6: Minor loss of fidelity | E6: # of occurrences
B8: Some cells or styles in this workbook contain formatting that is not supported by the selected file format. These formats will be converted to the closest format available. | E8: 1

Sheet Greitis
D2: Debitas pagal matuotą diferencinį slėgį
A4: Matavimo data | B4: Ėminių registracijos Nr. T-107-2026-E- | C4: Objekto pavadinimas, adresas, taršos šaltinio Nr. | D4: Matavimo taškai ortakyje nuo vidinės sienelės, cm | E4: Išmatuotas diferencinis slėgis tašuose 1 linija, Pdi, hPa | F4: Išmatuotas diferencinis slėgis tašuose 2 linija, Pdi, hPa | G4: Pito vamzdelio koeficientas, K | H4: Temperatūra ortakyje t, oC | I4: Atmosferinis slėgis P, hPa | J4: Statinis slėgis ortakyje ± ΔP, hPa | K4: Dujų slėgis kamine Pk= P+ ΔP, hPa | L4: Dujų mol. masė Ms= qn *22.4, kg/ kmol | M4: Dujų srauto greitis matavimo taškuose, 1 linija, wi = K*129 *√t *√Pdi/ √Pk/√Ms, m/s | N4: Dujų srauto greitis matavimo taškuose, 2 linija wi = K*129 *√t *√Pdi/ √Pk/√Ms, m/s | O4: Vidutinis dujų srauto greitis ortakyje w, m/s | P4: Ortakio diametras, matmenys, m | Q4: Ortakio skerspjūvio plotas F, m2 | R4: Dujų tūrio debitas realiomis sąlygomis Vk = wvid × F, m3/s | S4: Dujų tūrio debitas normaliosiomis sąlygomis Vdr n.s =Vk *0,269*(P±ΔP)/(273+t), m3/s | T4: Vandens kondensato masė m H2O, kg | U4: Vandens garų konc. dujose x=mH2O/Vmn*qn, kg/kg | V4: Sausų dujų tūrio debitas normaliosiomis sąlygomis Vn= Vdr n.s *((1/(1+(x*qn/0.8038))) | W4: Prasiurbtas dujų tūris normaliosiomis sąlygomis Vmn, Nm3 | X4: Išplėsinės neapibrėžties koef. A | Y4: Išplėstinė neapibrėžtis (dujų tūrio debitas) Uv | Z4: Išplėstinė neapibrėžtis (dujų srauto greitis) Uw | AA4: Sausų dujų tankis normaliosioms sąlygomis qn, (kg/m3) | AB4: Skaičiavimus atliko (inicialai, data)
A5: 46063 | B5: 5 | C5: UAB ,,Ekopartneris", L. Ivinskio g. 65, Kaunas. Katilinė. Taršos šaltinis Nr. 001. | D5: 5 | E5: 0.73 | F5: 0.61 | G5: 0.827 | H5: =Paėmimas!V9 -> 63.033333 | I5: 1012 | J5: 0.35 | K5: =SUM(I5:J5) -> 1012.35 | L5: =AA5*22.4 -> 29.52251 | M5: =G5*129*(SQRT(E5*(273+H5)/(I5+J5)/L5)) -> 9.6650888 | N5: =G5*129*(SQRT(F5*(273+H5)/(I5+J5)/L5)) -> 8.8350566 | O5: =AVERAGE(M5:N11) -> 10.098211 | P5: 1.2 | Q5: =+(3.14*P5*P5/4) -> 1.1304 | R5: =O5*Q5 -> 11.415018 | S5: =+(I5+J5)/(273+H5)*0.269*R5 -> 9.2507555 | T5: =H2O!I7 -> 0.015 | U5: =T5/(1.29*W5) -> 0.12493956 | V5: =S5*1/(1+(U5*1.29/0.8038)) -> 7.7056712 | W5: =H2O!H7 -> 0.093068253 | X5: 0.079 | Y5: =V5*X5 -> 0.60874803 | Z5: =O5*X5 -> 0.79775868 | AA5: =Aerodinamika!G27 -> 1.3179692 | AB5: S.Č. 2026-02-10
D6: 16 | E6: 0.87 | F6: 0.76 | G6: =(G5) -> 0.827 | H6: =(H5) -> 63.033333 | I6: =(I5) -> 1012 | J6: =(J5) -> 0.35 | K6: =SUM(I6:J6) -> 1012.35 | L6: =AA5*22.4 -> 29.52251 | M6: =G6*129*(SQRT(E6*(273+H6)/(I6+J6)/L6)) -> 10.551253 | N6: =G6*129*(SQRT(F6*(273+H6)/(I6+J6)/L6)) -> 9.861687 | P6: 0 | Q6: =+(P7*P6) -> 0 | R6: =O5*Q6 -> 0 | S6: =+(I5+J5)/(273+H5)*0.269*R6 -> 0 | T6: =H2O!I7 -> 0.015 | U6: =T6/(1.29*W6) -> 0.12493956 | V6: =S6*(1/(1+(U6*1.29/0.8038))) -> 0 | W6: =H2O!H7 -> 0.093068253 | X6: 0.079 | Y6: =V6*X6 -> 0 | Z6: =O5*X6 -> 0.79775868
D7: 31 | E7: 0.94 | F7: 0.78 | G7: =(G5) -> 0.827 | H7: =(H5) -> 63.033333 | I7: =(I5) -> 1012 | J7: =(J5) -> 0.35 | K7: =SUM(I7:J7) -> 1012.35 | L7: =AA5*22.4 -> 29.52251 | M7: =G7*129*(SQRT(E7*(273+H7)/(I7+J7)/L7)) -> 10.967518 | N7: =G7*129*(SQRT(F7*(273+H7)/(I7+J7)/L7)) -> 9.9906034 | P7: 0
D8: 60 | E8: 0.92 | F8: 0.87 | G8: =(G5) -> 0.827 | H8: =(H5) -> 63.033333 | I8: =(I5) -> 1012 | J8: =(J5) -> 0.35 | K8: =SUM(I8:J8) -> 1012.35 | L8: =AA5*22.4 -> 29.52251 | M8: =G8*129*(SQRT(E8*(273+H8)/(I8+J8)/L8)) -> 10.850215 | N8: =G8*129*(SQRT(F8*(273+H8)/(I8+J8)/L8)) -> 10.551253 | W8: Iš Aerodinamika | AA8: Iš Aerodinamika
D9: 89 | E9: 0.86 | F9: 0.82 | G9: =(G5) -> 0.827 | H9: =(H5) -> 63.033333 | I9: =(I5) -> 1012 | J9: =(J5) -> 0.35 | K9: =SUM(I9:J9) -> 1012.35 | L9: =AA5*22.4 -> 29.52251 | M9: =G9*129*(SQRT(E9*(273+H9)/(I9+J9)/L9)) -> 10.490439 | N9: =G9*129*(SQRT(F9*(273+H9)/(I9+J9)/L9)) -> 10.24357
D10: 104 | E10: 0.77 | F10: 0.81 | G10: =(G5) -> 0.827 | H10: =(H5) -> 63.033333 | I10: =(I5) -> 1012 | J10: =(J5) -> 0.35 | K10: =SUM(I10:J10) -> 1012.35 | L10: =AA5*22.4 -> 29.52251 | M10: =G10*129*(SQRT(E10*(273+H10)/(I10+J10)/L10)) -> 9.9263545 | N10: =G10*129*(SQRT(F10*(273+H10)/(I10+J10)/L10)) -> 10.180918
D11: 115 | E11: 0.7 | F11: 0.75 | G11: =(G5) -> 0.827 | H11: =(H5) -> 63.033333 | I11: =(I5) -> 1012 | J11: =(J5) -> 0.35 | K11: =SUM(I11:J11) -> 1012.35 | L11: =AA5*22.4 -> 29.52251 | M11: =G11*129*(SQRT(E11*(273+H11)/(I11+J11)/L11)) -> 9.4644076 | N11: =G11*129*(SQRT(F11*(273+H11)/(I11+J11)/L11)) -> 9.7965926
D13: RPU** | E13: Kai bus 2 linijos, RPU** yra 2 linijos vidurinis taškas.
D17: Debitas pagal matuotą dujų greitį
A19: Matavimo data | B19: Ėminių registracijos Nr. T-107-2026-E- | C19: Objekto pavadinimas, adresas, taršos šaltinio Nr. | D19: Matavimo taškai ortakyje nuo vidinės sienelės, cm | E19: Išmatuotas diferencinis slėgis tašuose 1 linija, Pdi, hPa | F19: Išmatuotas diferencinis slėgis tašuose 2 linija, Pdi, hPa | G19: Pito vamzdelio koeficientas, K | H19: Temperatūra ortakyje t, oC | I19: Atmosferinis slėgis P, hPa | J19: Statinis slėgis ortakyje ± ΔP, hPa | K19: Dujų slėgis kamine Pk= P+ ΔP, hPa | L19: Dujų mol. masė Ms= qn *22.4, kg/ kmol | M19: Dujų srauto greitis matavimo taškuose, 1 linija, wi = K*129 *√t *√Pdi/ √Pk/√Ms, m/s | N19: Dujų srauto greitis matavimo taškuose, 2 linija wi = K*129 *√t *√Pdi/ √Pk/√Ms, m/s | O19: Vidutinis dujų srauto greitis ortakyje w, m/s | P19: Ortakio diametras, matmenys, m | Q19: Ortakio skerspjūvio plotas F, m2 | R19: Dujų tūrio debitas realiomis sąlygomis Vk = wvid × F, m3/s | S19: Dujų tūrio debitas normaliosiomis sąlygomis Vdr n.s =Vk *0,269*(P±ΔP)/(273+t), m3/s | T19: Vandens kondensato masė m H2O, kg | U19: Vandens garų konc. dujose x=mH2O/Vmn*qn, kg/kg | V19: Sausų dujų tūrio debitas normaliosiomis sąlygomis Vn= Vdr n.s *((1/(1+(x*qn/0.8038))) | W19: Prasiurbtas dujų tūris normaliosiomis sąlygomis Vmn, Nm3 | X19: Išplėsinės neapibrėžties koef. A | Y19: Išplėstinė neapibrėžtis (dujų tūrio debitas) Uv | Z19: Išplėstinė neapibrėžtis (dujų srauto greitis) Uw | AA19: Sausų dujų tankis normaliosioms sąlygomis qn, (kg/m3) | AB19: Skaičiavimus atliko (inicialai, data)
D20: 3 | H20: 17.9 | I20: 1007 | J20: -0.096 | K20: =SUM(I20:J20) -> 1006.904 | L20: =AA20*22.4 -> 30.24 | M20: 14.003519 | N20: 14.062234 | O20: =AVERAGE(M20:N26) -> 12.857284 | P20: 0.3 | Q20: =+(3.14*P20*P20/4) -> 0.07065 | R20: =O20*Q20 -> 0.90836711 | S20: =+(I20+J20)/(273+H20)*0.269*R20 -> 0.8457812 | T20: 0 | U20: =T20/(1.29*W20) -> 0 | V20: =S20*1/(1+(U20*1.29/0.8038)) -> 0.8457812 | W20: 1 | X20: 0.083 | Y20: =V20*X20 -> 0.07019984 | Z20: =O20*X20 -> 1.0671546 | AA20: 1.35
D21: 15 | H21: 17.9 | I21: 1007 | J21: -0.096 | K21: =SUM(I21:J21) -> 1006.904 | L21: =AA20*22.4 -> 30.24 | M21: 13.216505 | N21: 13.71 | P21: 0.35 | Q21: =+(P22*P21) -> 0.105 | R21: =O20*Q21 -> 1.3500148 | S21: =+(I20+J20)/(273+H20)*0.269*R21 -> 1.2569997 | T21: 0 | U21: =T21/(1.29*W21) -> 0 | V21: =S21*(1/(1+(U21*1.29/0.8038))) -> 1.2569997 | W21: 1 | X21: 0.083 | Y21: =V21*X21 -> 0.10433097 | Z21: =O20*X21 -> 1.0671546
D22: 27 | H22: 17.9 | I22: 1007 | J22: -0.096 | K22: =SUM(I22:J22) -> 1006.904 | L22: =AA20*22.4 -> 30.24 | M22: 13.944556 | N22: 13.825877 | P22: 0.3
D23: 4 | H23: 17.9 | I23: 1007 | J23: -0.096 | K23: =SUM(I23:J23) -> 1006.904 | L23: =AA20*22.4 -> 30.24 | M23: 12.577644 | N23: 12.772658 | W23: Iš Aerodinamika | AA23: Iš Aerodinamika
D24: 5 | H24: 17.9 | I24: 1007 | J24: -0.096 | K24: =SUM(I24:J24) -> 1006.904 | L24: =AA20*22.4 -> 30.24 | M24: 11.481766 | N24: 11.973561
D25: 6 | H25: 17.9 | I25: 1007 | J25: -0.096 | K25: =SUM(I25:J25) -> 1006.904 | L25: =AA20*22.4 -> 30.24 | M25: 12.042178 | N25: 12.445938
D26: 7 | H26: 17.9 | I26: 1007 | J26: -0.096 | K26: =SUM(I26:J26) -> 1006.904 | L26: =AA20*22.4 -> 30.24 | M26: 11.835133 | N26: 12.110406

Sheet H2O
A3: Skaičiuoklė kietųjų dalelių koncentracijai nustatyti. H2O skaičiavimas
B5: Ėminių ėmimo laikas t, min. | C5: Paėmimo greitis, l/min | D5: Atmosf. Slėgis, hPa | E5: Išretėjimas, -hPa | F5: Temp. prie aspirato-riaus, Vtr oC | G5: Dujų tūris normaliom sąlygom, Vn l. | H5: Prasiurbtas dujų tūris normaliosiomis sąlygomis Vmn, Nm3 | I5: Vandens kondensato masė m H2O, kg | J5: Sausų dujų tankis normaliosioms sąlygomis qn (kg/m3) | K5: Drėgmės kiekis X (%) (izokinetinei sistemai) | L5: Pastabos
A7: TŠ 001 H2O | B7: 10 | C7: 10 | D7: =Greitis!I5 -> 1012 | E7: 27.2 | F7: 12.7 | G7: =+(D7-E7)*B7*C7*0.27/(273+F7) -> 93.068253 | H7: =G7/1000 -> 0.093068253 | I7: 0.015 | J7: =Aerodinamika!G27 -> 1.3179692 | K7: =(100*((I7/(H7*J7))/0.8038))/(((I7/(H7*J7))/0.8038)+(1/J7)) -> 16.702249
H11: Pratraukto dujų tūrio suma H2O, Nm3. Įrašyti į "Dujų tūris pagal ISO" W stulpelį | I11: Išmatuotas vandens kiekis 10ltr*10 min. Įrašyti iš "Dujų tūris pagal ISO" T stulpelio

Sheet Paėmimas
C1: EFSVPATD/3-3-1 AAA Aplinkos tyrimų departamentas
A2: Skaičiuoklė kietųjų dalelių koncentracijai nustatyti. Pradinių duomenų nustatymas
A5: Matavimo data | B5: Ėminių registracijos Nr. T-107-2026-E- | C5: Objekto pavadinimas, adresas, taršos šaltinio Nr. | D5: Ortakio skersmuo d (m) | E5: Skerspjūvio plotas A (m2) | F5: Temperatūra ortakyje tor (°C) | G5: Vidutinis srauto greitis ortakyje wor (m/s) | H5: Atmosfe-rinis slėgis P (hPa) | I5: Statinis slėgis ortakyje ΔPor (hPa) | J5: Slėgis prieš rotametrą ΔPr (±hPa) | K5: Antgalio diametras da (mm) | L5: Prasiurbtas dujų tūris Vm (m3) | M5: Siurbimo laikas t (min) | N5: Siurbimo greitis Vo (l/min) | O5: Siurbiamų dujų temperatūra prieš rotametrą tr (°C) | P5: O2iš (%) (ore 21 %) | Q5: CO2iš (%) (ore 0,04 %) | R5: Darbuotojo inicialai, data | S5: Pastabos | T5: Išmatuota O2 koncentracija (%) | U5: Išmatuota CO2 koncentracija (%) | V5: Temperatūra ortakyje tor (°C)
A6: =Greitis!A5 -> 46063 | B6: 3 | C6: =Greitis!C5 -> UAB ,,Ekopartneris", L. Ivinskio g. 65, Kaunas. Katilinė. Taršos šaltinis Nr. 001. | D6: 1.2 | E6: 1.1304 | F6: =V9 -> 63.033333 | G6: =Greitis!M5 -> 9.6650888 | H6: =Greitis!I5 -> 1012 | I6: =Greitis!J5 -> 0.35 | J6: 58.6 | K6: 5 | L6: =M6*N6/1000 -> 0.033 | M6: 3 | N6: 11 | O6: 13.4 | P6: =T9 -> 7.94 | Q6: =U9 -> 7.4 | R6: S.Č., 2026-05-02 | S6: 1 linija, 1 filtras | T6: 7.92 | U6: 7.41 | V6: 63.1
F7: =(F6) -> 63.033333 | G7: =Greitis!M6 -> 10.551253 | H7: =(H6) -> 1012 | I7: =(I6) -> 0.35 | J7: 72.4 | K7: =(K6) -> 5 | L7: =M7*N7/1000 -> 0.036 | M7: =(M6) -> 3 | N7: 12 | O7: 12.9 | P7: =(P6) -> 7.94 | Q7: =(Q6) -> 7.4 | T7: 7.94 | U7: 7.4 | V7: 62.7
F8: =(F6) -> 63.033333 | G8: =Greitis!M7 -> 10.967518 | H8: =(H6) -> 1012 | I8: =(I6) -> 0.35 | J8: 72.7 | K8: =(K6) -> 5 | L8: =M8*N8/1000 -> 0.036 | M8: =(M6) -> 3 | N8: 12 | O8: 12.8 | P8: =(P6) -> 7.94 | Q8: =(Q6) -> 7.4 | T8: 7.96 | U8: 7.39 | V8: 63.3
F9: =(F6) -> 63.033333 | G9: =Greitis!M8 -> 10.850215 | H9: =(H6) -> 1012 | I9: =(I6) -> 0.35 | J9: 73.9 | K9: =(K6) -> 5 | L9: =M9*N9/1000 -> 0.036 | M9: =(M6) -> 3 | N9: 12 | O9: 12.9 | P9: =(P6) -> 7.94 | Q9: =(Q6) -> 7.4 | T9: =AVERAGE(T6:T8) -> 7.94 | U9: =AVERAGE(U6:U8) -> 7.4 | V9: =AVERAGE(V6:V8) -> 63.033333
F10: =(F6) -> 63.033333 | G10: =Greitis!M9 -> 10.490439 | H10: =(H6) -> 1012 | I10: =(I6) -> 0.35 | J10: 75.1 | K10: =(K6) -> 5 | L10: =M10*N10/1000 -> 0.036 | M10: =(M6) -> 3 | N10: 12 | O10: 13.1 | P10: =(P6) -> 7.94 | Q10: =(Q6) -> 7.4 | T10: O2iš, (%) vidurkis | U10: CO2iš, (%) vidurkis | V10: tor vidurkis, °C
F11: =(F6) -> 63.033333 | G11: =Greitis!M10 -> 9.9263545 | H11: =(H6) -> 1012 | I11: =(I6) -> 0.35 | J11: 67.5 | K11: =(K6) -> 5 | L11: =M11*N11/1000 -> 0.033 | M11: =(M6) -> 3 | N11: 11 | O11: 13.2 | P11: =(P6) -> 7.94 | Q11: =(Q6) -> 7.4
F12: =(F6) -> 63.033333 | G12: =Greitis!M11 -> 9.4644076 | H12: =(H6) -> 1012 | I12: =(I6) -> 0.35 | J12: 62.4 | K12: =(K6) -> 5 | L12: =M12*N12/1000 -> 0.03 | M12: =(M6) -> 3 | N12: 10 | O12: 13.4 | P12: =(P6) -> 7.94 | Q12: =(Q6) -> 7.4
L13: =SUM(L6:L12) -> 0.24 | M13: =SUM(M6:M12) -> 21 | N13: =AVERAGE(N6:N12) -> 11.428571
L14: Suma Vm, m3 | M14: Suma t, min | N14: Vidurkis Vo (l/min)
A17: =(A6) -> 46063 | B17: =(B6) -> 3 | C17: =(C6) -> UAB ,,Ekopartneris", L. Ivinskio g. 65, Kaunas. Katilinė. Taršos šaltinis Nr. 001. | D17: =(D6) -> 1.2 | E17: =(E6) -> 1.1304 | F17: =(F6) -> 63.033333 | G17: =Greitis!N5 -> 8.8350566 | H17: =(H6) -> 1012 | I17: =(I6) -> 0.35 | J17: 62.6 | K17: =(K6) -> 5 | L17: =M17*N17/1000 -> 0.03 | M17: =(M6) -> 3 | N17: 10 | O17: 13.7 | P17: =(P6) -> 7.94 | Q17: =(Q6) -> 7.4 | R17: =(R6) -> S.Č., 2026-05-02 | S17: 2 linija, 1 filtras
F18: =(F6) -> 63.033333 | G18: =Greitis!N6 -> 9.861687 | H18: =(H6) -> 1012 | I18: =(I6) -> 0.35 | J18: 67.6 | K18: =(K17) -> 5 | L18: =M18*N18/1000 -> 0.033 | M18: =(M6) -> 3 | N18: 11 | O18: 13.8 | P18: =(P6) -> 7.94 | Q18: =(Q6) -> 7.4
F19: =(F6) -> 63.033333 | G19: =Greitis!N7 -> 9.9906034 | H19: =(H6) -> 1012 | I19: =(I6) -> 0.35 | J19: 67.9 | K19: =(K17) -> 5 | L19: =M19*N19/1000 -> 0.033 | M19: =(M6) -> 3 | N19: 11 | O19: 13.8 | P19: =(P6) -> 7.94 | Q19: =(Q6) -> 7.4
F20: =(F6) -> 63.033333 | G20: =Greitis!N8 -> 10.551253 | H20: =(H6) -> 1012 | I20: =(I6) -> 0.35 | J20: 76.2 | K20: =(K17) -> 5 | L20: =M20*N20/1000 -> 0.036 | M20: =(M6) -> 3 | N20: 12 | O20: 13.7 | P20: =(P6) -> 7.94 | Q20: =(Q6) -> 7.4
F21: =(F6) -> 63.033333 | G21: =Greitis!N9 -> 10.24357 | H21: =(H6) -> 1012 | I21: =(I6) -> 0.35 | J21: 69.8 | K21: =(K17) -> 5 | L21: =M21*N21/1000 -> 0.033 | M21: =(M6) -> 3 | N21: 11 | O21: 13.7 | P21: =(P6) -> 7.94 | Q21: =(Q6) -> 7.4
F22: =(F6) -> 63.033333 | G22: =Greitis!N10 -> 10.180918 | H22: =(H6) -> 1012 | I22: =(I6) -> 0.35 | J22: 70.4 | K22: =(K17) -> 5 | L22: =M22*N22/1000 -> 0.033 | M22: =(M6) -> 3 | N22: 11 | O22: 13.6 | P22: =(P6) -> 7.94 | Q22: =(Q6) -> 7.4
F23: =(F6) -> 63.033333 | G23: =Greitis!N11 -> 9.7965926 | H23: =(H6) -> 1012 | I23: =(I6) -> 0.35 | J23: 70.7 | K23: =(K17) -> 5 | L23: =M23*N23/1000 -> 0.033 | M23: =(M6) -> 3 | N23: 11 | O23: 13.7 | P23: =(P6) -> 7.94 | Q23: =(Q6) -> 7.4
L24: =SUM(L17:L23) -> 0.231 | M24: =SUM(M17:M23) -> 21 | N24: =AVERAGE(N17:N23) -> 11
L25: Suma Vm, m3 | M25: Suma t, min | N25: Vidurkis Vo (l/min)
M27: =(M13+M24) -> 42 | N27: =(N13+N24)/2 -> 11.214286
M28: Viso suma t, min | N28: Vidurkių vidurkis Vo vid (l/min)

Sheet Aerodinamika
C1: EFSVPATD/3-3-2 AAA Aplinkos tyrimų departamentas
C2: Skaičiuoklė kietųjų dalelių koncentracijai nustatyti. Izokinetiškumo nustatymas
A5: Matavimo data | B5: Ėminių registracijos Nr. T-107-2026-E- | C5: Objekto pavadinimas, adresas, taršos šaltinio Nr. | D5: Prasiurbtas dujų tūris Vm (m3) | E5: Prasiurbtas dujų tūris normaliosiomis sąlygomis Vmn (Nm3) | F5: Prasiurbto dujų tūrio normaliosiomis sąlygomis suma Vmn(sum) (Nm3) | G5: Sausų dujų tankis normaliosioms sąlygomis qn (kg/m3) | H5: Drėgmės kiekis X (%) | I5: Pratrauktas drėgnų dujų tūris realiomis sąlygomis Vmk (m3) | J5: Dujų srauto greitis antgalyje v antg. (m/s) | K5: Izokine-tiškumas (0,95-1,15) | L5: Izokine-tiškumo vidurkis (0,95-1,15) | M5: Skaičiavimus atlikusio asmens inicialai, data | N5: Pastabos
A6: =Paėmimas!A6 -> 46063 | B6: =Paėmimas!B6 -> 3 | C6: =Paėmimas!C6 -> UAB ,,Ekopartneris", L. Ivinskio g. 65, Kaunas. Katilinė. Taršos šaltinis Nr. 001. | D6: =Paėmimas!L6 -> 0.033 | E6: =D6*(273/(273+Paėmimas!O6)*(Paėmimas!H6-Paėmimas!J6)/1013) -> 0.029605287 | F6: =SUM(E6:E12) -> 0.213137 | G6: =((Paėmimas!Q6/100)*1.965)+((Paėmimas!P6/100)*1.429)+((1-(Paėmimas!Q6/100)-(Paėmimas!P6/100))*1.251) -> 1.3179692 | H6: =H2O!K7 -> 16.702249 | I6: =(E6/(1-(H6/1000))*((273+Paėmimas!F6)/273)*(1013/(Paėmimas!H6+Paėmimas!I6))) -> 0.037083669 | J6: =(I6/(Paėmimas!M6*60)/((3.142*((Paėmimas!K6/1000)*(Paėmimas!K6/1000))/4))) -> 10.491172 | K6: =J6/Paėmimas!G6 -> 1.0854708 | L6: =AVERAGE(K6:K12) -> 1.0501403 | M6: =Paėmimas!R6 -> S.Č., 2026-05-02 | N6: =Paėmimas!S6 -> 1 linija, 1 filtras
D7: =Paėmimas!L7 -> 0.036 | E7: =D7*(273/(273+Paėmimas!O7)*(Paėmimas!H7-Paėmimas!J7)/1013) -> 0.031884863 | G7: =((Paėmimas!Q7/100)*1.965)+((Paėmimas!P7/100)*1.429)+((1-(Paėmimas!Q7/100)-(Paėmimas!P7/100))*1.251) -> 1.3179692 | H7: =H2O!K7 -> 16.702249 | I7: =(E7/(1-(H7/1000))*((273+Paėmimas!F7)/273)*(1013/(Paėmimas!H7+Paėmimas!I7))) -> 0.039939073 | J7: =(I7/(Paėmimas!M7*60)/((3.142*((Paėmimas!K7/1000)*(Paėmimas!K7/1000))/4))) -> 11.298981 | K7: =J7/Paėmimas!G7 -> 1.0708663
D8: =Paėmimas!L8 -> 0.036 | E8: =D8*(273/(273+Paėmimas!O8)*(Paėmimas!H8-Paėmimas!J8)/1013) -> 0.031885835 | G8: =((Paėmimas!Q8/100)*1.965)+((Paėmimas!P8/100)*1.429)+((1-(Paėmimas!Q8/100)-(Paėmimas!P8/100))*1.251) -> 1.3179692 | H8: =H2O!K7 -> 16.702249 | I8: =(E8/(1-(H8/1000))*((273+Paėmimas!F8)/273)*(1013/(Paėmimas!H8+Paėmimas!I8))) -> 0.039940291 | J8: =(I8/(Paėmimas!M8*60)/((3.142*((Paėmimas!K8/1000)*(Paėmimas!K8/1000))/4))) -> 11.299326 | K8: =J8/Paėmimas!G8 -> 1.0302537
D9: =Paėmimas!L9 -> 0.036 | E9: =D9*(273/(273+Paėmimas!O9)*(Paėmimas!H9-Paėmimas!J9)/1013) -> 0.031833961 | G9: =((Paėmimas!Q9/100)*1.965)+((Paėmimas!P9/100)*1.429)+((1-(Paėmimas!Q9/100)-(Paėmimas!P9/100))*1.251) -> 1.3179692 | H9: =H2O!K7 -> 16.702249 | I9: =(E9/(1-(H9/1000))*((273+Paėmimas!F9)/273)*(1013/(Paėmimas!H9+Paėmimas!I9))) -> 0.039875313 | J9: =(I9/(Paėmimas!M9*60)/((3.142*((Paėmimas!K9/1000)*(Paėmimas!K9/1000))/4))) -> 11.280943 | K9: =J9/Paėmimas!G9 -> 1.0396977
D10: =Paėmimas!L10 -> 0.036 | E10: =D10*(273/(273+Paėmimas!O10)*(Paėmimas!H10-Paėmimas!J10)/1013) -> 0.031771015 | G10: =((Paėmimas!Q10/100)*1.965)+((Paėmimas!P10/100)*1.429)+((1-(Paėmimas!Q10/100)-(Paėmimas!P10/100))*1.251) -> 1.3179692 | H10: =H2O!K7 -> 16.702249 | I10: =(E10/(1-(H10/1000))*((273+Paėmimas!F10)/273)*(1013/(Paėmimas!H10+Paėmimas!I10))) -> 0.039796466 | J10: =(I10/(Paėmimas!M10*60)/((3.142*((Paėmimas!K10/1000)*(Paėmimas!K10/1000))/4))) -> 11.258637 | K10: =J10/Paėmimas!G10 -> 1.0732284
D11: =Paėmimas!L11 -> 0.033 | E11: =D11*(273/(273+Paėmimas!O11)*(Paėmimas!H11-Paėmimas!J11)/1013) -> 0.029349417 | G11: =((Paėmimas!Q11/100)*1.965)+((Paėmimas!P11/100)*1.429)+((1-(Paėmimas!Q11/100)-(Paėmimas!P11/100))*1.251) -> 1.3179692 | H11: =H2O!K7 -> 16.702249 | I11: =(E11/(1-(H11/1000))*((273+Paėmimas!F11)/273)*(1013/(Paėmimas!H11+Paėmimas!I11))) -> 0.036763166 | J11: =(I11/(Paėmimas!M11*60)/((3.142*((Paėmimas!K11/1000)*(Paėmimas!K11/1000))/4))) -> 10.400499 | K11: =J11/Paėmimas!G11 -> 1.0477663
D12: =Paėmimas!L12 -> 0.03 | E12: =D12*(273/(273+Paėmimas!O12)*(Paėmimas!H12-Paėmimas!J12)/1013) -> 0.026806626 | G12: =((Paėmimas!Q12/100)*1.965)+((Paėmimas!P12/100)*1.429)+((1-(Paėmimas!Q12/100)-(Paėmimas!P12/100))*1.251) -> 1.3179692 | H12: =H2O!K7 -> 16.702249 | I12: =(E12/(1-(H12/1000))*((273+Paėmimas!F12)/273)*(1013/(Paėmimas!H12+Paėmimas!I12))) -> 0.033578058 | J12: =(I12/(Paėmimas!M12*60)/((3.142*((Paėmimas!K12/1000)*(Paėmimas!K12/1000))/4))) -> 9.4994152 | K12: =J12/Paėmimas!G12 -> 1.0036989
G13: =AVERAGE(G6:G12) -> 1.3179692 | I13: =SUM(I6:I12) -> 0.26697604
G14: Vidurkis qn, (kg/m3) | I14: Suma Vmk (m3)
A17: =Paėmimas!A17 -> 46063 | B17: =Paėmimas!B17 -> 3 | C17: =Paėmimas!C17 -> UAB ,,Ekopartneris", L. Ivinskio g. 65, Kaunas. Katilinė. Taršos šaltinis Nr. 001. | D17: =Paėmimas!L17 -> 0.03 | E17: =D17*(273/(273+Paėmimas!O17)*(Paėmimas!H17-Paėmimas!J17)/1013) -> 0.026772935 | F17: =SUM(E17:E23) -> 0.20464508 | G17: =((Paėmimas!Q17/100)*1.965)+((Paėmimas!P17/100)*1.429)+((1-(Paėmimas!Q17/100)-(Paėmimas!P17/100))*1.251) -> 1.3179692 | H17: =H2O!K7 -> 16.702249 | I17: =(E17/(1-(H17/1000))*((273+Paėmimas!F17)/273)*(1013/(Paėmimas!H17+Paėmimas!I17))) -> 0.033535858 | J17: =(I17/(Paėmimas!M17*60)/((3.142*((Paėmimas!K17/1000)*(Paėmimas!K17/1000))/4))) -> 9.4874765 | K17: =J17/Paėmimas!G17 -> 1.0738445 | L17: =AVERAGE(K17:K23) -> 1.0446324 | M17: =Paėmimas!R17 -> S.Č., 2026-05-02 | N17: =Paėmimas!S17 -> 2 linija, 1 filtras
D18: =Paėmimas!L18 -> 0.033 | E18: =D18*(273/(273+Paėmimas!O18)*(Paėmimas!H18-Paėmimas!J18)/1013) -> 0.029284915 | G18: =((Paėmimas!Q18/100)*1.965)+((Paėmimas!P18/100)*1.429)+((1-(Paėmimas!Q18/100)-(Paėmimas!P18/100))*1.251) -> 1.3179692 | H18: =H2O!K7 -> 16.702249 | I18: =(E18/(1-(H18/1000))*((273+Paėmimas!F18)/273)*(1013/(Paėmimas!H18+Paėmimas!I18))) -> 0.036682371 | J18: =(I18/(Paėmimas!M18*60)/((3.142*((Paėmimas!K18/1000)*(Paėmimas!K18/1000))/4))) -> 10.377642 | K18: =J18/Paėmimas!G18 -> 1.0523192
D19: =Paėmimas!L19 -> 0.033 | E19: =D19*(273/(273+Paėmimas!O19)*(Paėmimas!H19-Paėmimas!J19)/1013) -> 0.029275613 | G19: =((Paėmimas!Q19/100)*1.965)+((Paėmimas!P19/100)*1.429)+((1-(Paėmimas!Q19/100)-(Paėmimas!P19/100))*1.251) -> 1.3179692 | H19: =H2O!K7 -> 16.702249 | I19: =(E19/(1-(H19/1000))*((273+Paėmimas!F19)/273)*(1013/(Paėmimas!H19+Paėmimas!I19))) -> 0.036670718 | J19: =(I19/(Paėmimas!M19*60)/((3.142*((Paėmimas!K19/1000)*(Paėmimas!K19/1000))/4))) -> 10.374346 | K19: =J19/Paėmimas!G19 -> 1.0384103
D20: =Paėmimas!L20 -> 0.036 | E20: =D20*(273/(273+Paėmimas!O20)*(Paėmimas!H20-Paėmimas!J20)/1013) -> 0.031667301 | G20: =((Paėmimas!Q20/100)*1.965)+((Paėmimas!P20/100)*1.429)+((1-(Paėmimas!Q20/100)-(Paėmimas!P20/100))*1.251) -> 1.3179692 | H20: =H2O!K7 -> 16.702249 | I20: =(E20/(1-(H20/1000))*((273+Paėmimas!F20)/273)*(1013/(Paėmimas!H20+Paėmimas!I20))) -> 0.039666554 | J20: =(I20/(Paėmimas!M20*60)/((3.142*((Paėmimas!K20/1000)*(Paėmimas!K20/1000))/4))) -> 11.221884 | K20: =J20/Paėmimas!G20 -> 1.0635593
D21: =Paėmimas!L21 -> 0.033 | E21: =D21*(273/(273+Paėmimas!O21)*(Paėmimas!H21-Paėmimas!J21)/1013) -> 0.029226886 | G21: =((Paėmimas!Q21/100)*1.965)+((Paėmimas!P21/100)*1.429)+((1-(Paėmimas!Q21/100)-(Paėmimas!P21/100))*1.251) -> 1.3179692 | H21: =H2O!K7 -> 16.702249 | I21: =(E21/(1-(H21/1000))*((273+Paėmimas!F21)/273)*(1013/(Paėmimas!H21+Paėmimas!I21))) -> 0.036609683 | J21: =(I21/(Paėmimas!M21*60)/((3.142*((Paėmimas!K21/1000)*(Paėmimas!K21/1000))/4))) -> 10.357079 | K21: =J21/Paėmimas!G21 -> 1.011081
D22: =Paėmimas!L22 -> 0.033 | E22: =D22*(273/(273+Paėmimas!O22)*(Paėmimas!H22-Paėmimas!J22)/1013) -> 0.029218466 | G22: =((Paėmimas!Q22/100)*1.965)+((Paėmimas!P22/100)*1.429)+((1-(Paėmimas!Q22/100)-(Paėmimas!P22/100))*1.251) -> 1.3179692 | H22: =H2O!K7 -> 16.702249 | I22: =(E22/(1-(H22/1000))*((273+Paėmimas!F22)/273)*(1013/(Paėmimas!H22+Paėmimas!I22))) -> 0.036599136 | J22: =(I22/(Paėmimas!M22*60)/((3.142*((Paėmimas!K22/1000)*(Paėmimas!K22/1000))/4))) -> 10.354095 | K22: =J22/Paėmimas!G22 -> 1.0170099
D23: =Paėmimas!L23 -> 0.033 | E23: =D23*(273/(273+Paėmimas!O23)*(Paėmimas!H23-Paėmimas!J23)/1013) -> 0.029198968 | G23: =((Paėmimas!Q23/100)*1.965)+((Paėmimas!P23/100)*1.429)+((1-(Paėmimas!Q23/100)-(Paėmimas!P23/100))*1.251) -> 1.3179692 | H23: =H2O!K7 -> 16.702249 | I23: =(E23/(1-(H23/1000))*((273+Paėmimas!F23)/273)*(1013/(Paėmimas!H23+Paėmimas!I23))) -> 0.036574713 | J23: =(I23/(Paėmimas!M23*60)/((3.142*((Paėmimas!K23/1000)*(Paėmimas!K23/1000))/4))) -> 10.347185 | K23: =J23/Paėmimas!G23 -> 1.0562025
F24: =SUM(F6+F17) -> 0.41778209 | G24: =AVERAGE(G17:G23) -> 1.3179692 | I24: =SUM(I17:I23) -> 0.25633903 | L24: =(L6+L17)/2 -> 1.0473863
F25: Viso suma Vmn(sum), Nm3. | G25: Vidurkis qn, (kg/m3) | I25: Suma Vmk (m3) | L25: Izokine-tiškumo vidurkių vidurkis
G27: =(G13+G24)/2 -> 1.3179692 | I27: =SUM(I13+I24) -> 0.52331507
G28: Vidurkių vidurkis qn, (kg/m3) | I28: Viso suma Vmk(sum), m3.

Sheet Koncentracija 
C1: EFSVPATD/3-3-3 AAA Aplinkos tyrimų departamentas
A2: Skaičiuoklė kietųjų dalelių koncentracijai nustatyti. Kietųjų dalelių koncentracijos nustatymas
A5: Matavimo data | B5: Ėminių registracijos Nr. T-107-2026-E- | C5: Objekto pavadinimas, adresas, taršos šaltinio Nr. | D5: Filtro Nr. | E5: Filtro svoris prieš KD ėmimą mpr (g) | F5: Filtro svoris po KD ėmimo mpo (g) | G5: Tuščiojo ėminio KD svoris mt (g) | H5: Nuosėdų kiekis mn (g) | I5: Indų svorių pokytis mIt (g) | J5: Sausų dujų tūris n.s. Vmn (Nm3) | K5: Kietų dalelių koncentracija c1 (neįvert. O2) (mg/Nm3) | L5: Tuščiojo filtro vertė mft (mg/m3) (< 2 mg/m3) | M5: Surinktų dulkių ir tuščiojo ėminio santykis mFtk (>5) | N5: Skaičiavimus atlikusio asmens inicialai, data | O5: Filtrų skaičius Fsk (vnt.) | P5: Pastabos
A6: =Paėmimas!A6 -> 46063 | B6: =Svėrimas!A6 -> 3 | C6: =Paėmimas!C6 -> UAB ,,Ekopartneris", L. Ivinskio g. 65, Kaunas. Katilinė. Taršos šaltinis Nr. 001. | D6: =Svėrimas!C6 -> 1 | E6: =Svėrimas!G6 -> 4.3573 | F6: =Svėrimas!L6 -> 4.3602 | G6: =Svėrimas!M9 -> 0.0001 | H6: =Svėrimas!M11/O6 -> 0.0001 | I6: =Svėrimas!M16 -> 0 | J6: =Aerodinamika!F24 -> 0.41778209 | K6: =((F6-E6-G6+H6+I6)/J6)*1000 -> 6.9414177 | L6: =G6/((Paėmimas!L13+Paėmimas!L24)/O6)*1000 -> 0.21231423 | M6: =((F6-E6)+H6)/G6 -> 30 | N6: =Svėrimas!N6 -> S.Č., 2026-02-11 | O6: 1 | P6: =Svėrimas!O6 -> 1 ir 2 linijos, 1 filtras

Sheet Svėrimas
C1: FSVPATD/3-3-4 AAA Aplinkos tyrimų departamentas
A2: Skaičiuoklė kietųjų dalelių koncentracijai nustatyti. Svėrimas
A4: Ėminių registracijos Nr. T-107-2026-E- | B4: Objekto pavadinimas, adresas, taršos šaltinio Nr. | C4: Filtro/ indo Nr. | D4: Tuščio filtro/indo svėrimo data | E4: Filtro/indo svoris prieš KD ėmimą mpr (g) | H4: Atsakingo asmens inicialai, data | I4: Filtro/indo su ėminiu svėrimo data | J4: Filtro/indo svoris po KD ėmimo mpo (g) | M4: Kietųjų dalelių svoris mf/Svorių pokytis (g) (<2,20 g filtro talpumas) | N4: Atsakingo asmens inicialai, data | O4: Pastabos
E5: 1 | F5: 2 | G5: 3 | J5: 1 | K5: 2 | L5: 3
A6: =Paėmimas!B6 -> 3 | B6: =Paėmimas!C6 -> UAB ,,Ekopartneris", L. Ivinskio g. 65, Kaunas. Katilinė. Taršos šaltinis Nr. 001. | C6: 1 | D6: =Paėmimas!A6 -> 46063 | E6: 4.3573 | F6: 4.3573 | G6: 4.3573 | H6: =Paėmimas!R6 -> S.Č., 2026-05-02 | I6: 46064 | J6: 4.3602 | K6: 4.3602 | L6: 4.3602 | M6: =L6-G6 -> 0.0029 | N6: S.Č., 2026-02-11 | O6: 1 ir 2 linijos, 1 filtras
M7: =L7-G7 -> 0
M8: =L8-G8 -> 0
C9: 2 | E9: 3.7018 | F9: 3.7018 | G9: 3.7018 | J9: 3.7019 | K9: 3.7019 | L9: 3.7019 | M9: =L9-G9 -> 0.0001 | O9: Tuščiasis ėminys (mt)
C11: 41 | E11: 56.4998 | F11: 56.4998 | G11: 56.4998 | J11: 56.4999 | K11: 56.4999 | L11: 56.4999 | M11: =L11-G11 -> 0.0001 | O11: Išplautos nuosėdos (mn)
C12: 00 | E12: 49.8388 | F12: 49.8388 | G12: 49.8388 | J12: 49.8388 | K12: 49.8388 | L12: 49.8388 | M12: =L12-G12 -> 0 | O12: Išvalytos ėminių sistemos tuščiasis ėminys (mIt)
C13: 01 | E13: 54.7893 | F13: 54.7893 | G13: 54.7893 | J13: 54.7894 | K13: 54.7894 | L13: 54.7894 | M13: =L13-G13 -> 0.0001 | O13: Tušti indai svorio kontrolei (mIt1)
C14: 02 | E14: 57.3979 | F14: 57.3979 | G14: 57.3979 | J14: 57.3978 | K14: 57.3978 | L14: 57.3978 | M14: =L14-G14 -> -0.0001 | O14: Tušti indai svorio kontrolei (mIt2)
C15: 03 | E15: 53.9279 | F15: 53.9279 | G15: 53.9279 | J15: 53.9279 | K15: 53.9279 | L15: 53.9279 | M15: =L15-G15 -> 0 | O15: Tušti indai svorio kontrolei (mIt3)
M16: =AVERAGE(M13:M15)+M12 -> 0 | O16: Tuščių indų ir išvalytos ėminių sistemos tuščiojo ėminio svorio pokytis (mItp)

Sheet Koncentracijos ribinės vertės
A3: Patikrinimas, ar planuojamas surinkti dulkių kiekis suderinamas su tuščiojo ėminio verte ir ar filtras nebus per daug apkrautas
A5: Planuojama surinkti dulkių masė m, g (<2,20 g) | B5: Mažiausia ėminio ėmimo trukmė t, 30 min | C5: Tikėtina dulkių koncentracija cexs, mg/Nm3; | D5: Planuojamas dujų tūrio siurbimo greitis matavimo metu ortakio sąlygomis Vo, l/min.
A6: =(B6*C6*D6)/1000000 -> 1.944 | B6: 30 | C6: 5400 | D6: 12
