Workbook

Sheet Compatibility Report
B1: Compatibility Report for Izo dulkes.xls
B2: Run on 2010.09.30 22:52
B4: The following features in this workbook are not supported by earlier versions of Excel. These features may be lost or degraded when you save this workbook in an earlier file format.
B6: Minor loss of fidelity | E6: # of occurrences
B8: Some cells or styles in this workbook contain formatting that is not supported by the selected file format. These formats will be converted to the closest format available. | E8: 1

Sheet Greitis
D3: Debitas pagal matuotą diferencinį slėgį
A5: Matavimo data | B5: Ėminių registracijos Nr. T-107-2026-E- | C5: Objekto pavadinimas, adresas, taršos šaltinio Nr. | D5: Matavimo taškai ortakyje nuo vidinės sienelės, cm | E5: Išmatuotas diferencinis slėgis taškuose 1 linija, Pdi, hPa | F5: Išmatuotas diferencinis slėgis taškuose 2 linija, Pdi, hPa | G5: Pito vamzdelio koeficientas, K | H5: Temperatūra ortakyje t, oC | I5: Atmosferinis slėgis P, hPa | J5: Statinis slėgis ortakyje ± ΔP, hPa | K5: Dujų slėgis kamine Pk= P+ ΔP, hPa | L5: Dujų mol. masė Ms= qn *22.4, kg/ kmol | M5: Dujų srauto greitis matavimo taškuose, 1 linija, wi = K*129 *√t *√Pdi/ √Pk/√Ms, m/s | N5: Dujų srauto greitis matavimo taškuose, 2 linija wi = K*129 *√t *√Pdi/ √Pk/√Ms, m/s | O5: Vidutinis dujų srauto greitis ortakyje w, m/s | P5: Ortakio diametras, matmenys, m | Q5: Ortakio skerspjūvio plotas F, m2 | R5: Dujų tūrio debitas realiomis sąlygomis Vk = wvid × F, m3/s | S5: Dujų tūrio debitas normaliosiomis sąlygomis Vdr n.s =Vk *0,269*(P±ΔP)/(273+t), m3/s | T5: Vandens kondensato masė m H2O, kg | U5: Vandens garų konc. dujose x=mH2O/Vmn*qn, kg/kg | V5: Sausų dujų tūrio debitas normaliosiomis sąlygomis Vn= Vdr n.s *((1/(1+(x*qn/0.8038))) | W5: Prasiurbtas dujų tūris normaliosiomis sąlygomis Vmn, Nm3 | X5: Išplėstinės neapibrėžties koef. A | Y5: Išplėstinė neapibrėžtis (dujų tūrio debitas) Uv | Z5: Išplėstinė neapibrėžtis (dujų srauto greitis) Uw | AA5: Sausų dujų tankis normaliosioms sąlygomis qn, (kg/m3) | AB5: Skaičiavimus atliko (inicialai, data)
A6: XXXX-XX-XX | B6: X | C6: XXXX | D6: 12 | E6: 0.14 | F6: 0.14 | G6: 0.836 | H6: =Paėmimas!V9 -> 40 | I6: 1000 | J6: 1 | K6: =SUM(I6:J6) -> 1001 | L6: =AA6*22.4 -> 29.060864 | M6: =G6*129*(SQRT(E6*(273+H6)/(I6+J6)/L6)) -> 4.1856304 | N6: =G6*129*(SQRT(F6*(273+H6)/(I6+J6)/L6)) -> 4.1856304 | O6: =AVERAGE(M6:N14) -> 4.1856304 | P6: 4 | Q6: =+(3.14*P6*P6/4) -> 12.56 | R6: =O6*Q6 -> 52.571518 | S6: =+(I6+J6)/(273+H6)*0.269*R6 -> 45.226454 | T6: =H2O!I7 -> 0.005 | U6: =T6/(1.29*W6) -> 0.042265198 | V6: =S6*1/(1+(U6*1.29/0.8038)) -> 42.353591 | W6: =H2O!H7 -> 0.091705923 | X6: 0.083 | Y6: =V6*X6 -> 3.5153481 | Z6: =O6*X6 -> 0.34740732 | AA6: =Aerodinamika!G31 -> 1.29736 | AB6: XX
D7: 39 | E7: 0.14 | F7: 0.14 | G7: =(G6) -> 0.836 | H7: =(H6) -> 40 | I7: =(I6) -> 1000 | J7: =(J6) -> 1 | K7: =SUM(I7:J7) -> 1001 | L7: =AA6*22.4 -> 29.060864 | M7: =G7*129*(SQRT(E7*(273+H7)/(I7+J7)/L7)) -> 4.1856304 | N7: =G7*129*(SQRT(F7*(273+H7)/(I7+J7)/L7)) -> 4.1856304 | P7: 0.5 | Q7: =+(P8*P7) -> 0.375 | R7: =O6*Q7 -> 1.5696114 | S7: =+(I6+J6)/(273+H6)*0.269*R7 -> 1.3503121 | T7: =H2O!I7 -> 0.005 | U7: =T7/(1.29*W7) -> 0.042265198 | V7: =S7*(1/(1+(U7*1.29/0.8038))) -> 1.2645379 | W7: =H2O!H7 -> 0.091705923 | X7: 0.083 | Y7: =V7*X7 -> 0.10495665 | Z7: =O6*X7 -> 0.34740732
D8: 71 | E8: 0.14 | F8: 0.14 | G8: =(G6) -> 0.836 | H8: =(H6) -> 40 | I8: =(I6) -> 1000 | J8: =(J6) -> 1 | K8: =SUM(I8:J8) -> 1001 | L8: =AA6*22.4 -> 29.060864 | M8: =G8*129*(SQRT(E8*(273+H8)/(I8+J8)/L8)) -> 4.1856304 | N8: =G8*129*(SQRT(F8*(273+H8)/(I8+J8)/L8)) -> 4.1856304 | P8: 0.75
D9: 116 | E9: 0.14 | F9: 0.14 | G9: =(G6) -> 0.836 | H9: =(H6) -> 40 | I9: =(I6) -> 1000 | J9: =(J6) -> 1 | K9: =SUM(I9:J9) -> 1001 | L9: =AA6*22.4 -> 29.060864 | M9: =G9*129*(SQRT(E9*(273+H9)/(I9+J9)/L9)) -> 4.1856304 | N9: =G9*129*(SQRT(F9*(273+H9)/(I9+J9)/L9)) -> 4.1856304 | W9: Iš Aerodinamika | AA9: Iš Aerodinamika
D10: 200 | E10: 0.14 | F10: 0.14 | G10: =(G6) -> 0.836 | H10: =(H6) -> 40 | I10: =(I6) -> 1000 | J10: =(J6) -> 1 | K10: =SUM(I10:J10) -> 1001 | L10: =AA6*22.4 -> 29.060864 | M10: =G10*129*(SQRT(E10*(273+H10)/(I10+J10)/L10)) -> 4.1856304 | N10: =G10*129*(SQRT(F10*(273+H10)/(I10+J10)/L10)) -> 4.1856304
D11: 284 | E11: 0.14 | F11: 0.14 | G11: =(G6) -> 0.836 | H11: =(H6) -> 40 | I11: =(I6) -> 1000 | J11: =(J6) -> 1 | K11: =SUM(I11:J11) -> 1001 | L11: =AA6*22.4 -> 29.060864 | M11: =G11*129*(SQRT(E11*(273+H11)/(I11+J11)/L11)) -> 4.1856304 | N11: =G11*129*(SQRT(F11*(273+H11)/(I11+J11)/L11)) -> 4.1856304
D12: 329 | E12: 0.14 | F12: 0.14 | G12: =(G6) -> 0.836 | H12: =(H6) -> 40 | I12: =(I6) -> 1000 | J12: =(J6) -> 1 | K12: =SUM(I12:J12) -> 1001 | L12: =AA6*22.4 -> 29.060864 | M12: =G12*129*(SQRT(E12*(273+H12)/(I12+J12)/L12)) -> 4.1856304 | N12: =G12*129*(SQRT(F12*(273+H12)/(I12+J12)/L12)) -> 4.1856304
D13: 361 | E13: 0.14 | F13: 0.14 | G13: =(G6) -> 0.836 | H13: =(H6) -> 40 | I13: =(I6) -> 1000 | J13: =(J6) -> 1 | K13: =SUM(I13:J13) -> 1001 | L13: =AA6*22.4 -> 29.060864 | M13: =G13*129*(SQRT(E13*(273+H13)/(I13+J13)/L13)) -> 4.1856304 | N13: =G13*129*(SQRT(F13*(273+H13)/(I13+J13)/L13)) -> 4.1856304
D14: 388 | E14: 0.14 | F14: 0.14 | G14: =(G6) -> 0.836 | H14: =(H6) -> 40 | I14: =(I6) -> 1000 | J14: =(J6) -> 1 | K14: =SUM(I14:J14) -> 1001 | L14: =AA6*22.4 -> 29.060864 | M14: =G14*129*(SQRT(E14*(273+H14)/(I14+J14)/L14)) -> 4.1856304 | N14: =G14*129*(SQRT(F14*(273+H14)/(I14+J14)/L14)) -> 4.1856304
D16: RPU** | E16: Kai bus 2 linijos, RPU** yra 2 linijos vidurinis taškas.
D20: Debitas pagal matuotą dujų greitį
B22: Ėminių registracijos Nr. T-107-2026-E- | C22: Objekto pavadinimas, adresas, taršos šaltinio Nr. | D22: Matavimo taškai ortakyje nuo vidinės sienelės, cm | E22: Išmatuotas diferencinis slėgis taškuose 1 linija, Pdi, hPa | F22: Išmatuotas diferencinis slėgis taškuose 2 linija, Pdi, hPa | G22: Pito vamzdelio koeficientas, K | H22: Temperatūra ortakyje t, oC | I22: Atmosferinis slėgis P, hPa | J22: Statinis slėgis ortakyje ± ΔP, hPa | K22: Dujų slėgis kamine Pk= P+ ΔP, hPa | L22: Dujų mol. masė Ms= qn *22.4, kg/ kmol | M22: Dujų srauto greitis matavimo taškuose, 1 linija, wi = K*129 *√t *√Pdi/ √Pk/√Ms, m/s | N22: Dujų srauto greitis matavimo taškuose, 2 linija wi = K*129 *√t *√Pdi/ √Pk/√Ms, m/s | O22: Vidutinis dujų srauto greitis ortakyje w, m/s | P22: Ortakio diametras, matmenys, m | Q22: Ortakio skerspjūvio plotas F, m2 | R22: Dujų tūrio debitas realiomis sąlygomis Vk = wvid × F, m3/s | S22: Dujų tūrio debitas normaliosiomis sąlygomis Vdr n.s =Vk *0,269*(P±ΔP)/(273+t), m3/s | T22: Vandens kondensato masė m H2O, kg | U22: Vandens garų konc. dujose x=mH2O/Vmn*qn, kg/kg | V22: Sausų dujų tūrio debitas normaliosiomis sąlygomis Vn= Vdr n.s *((1/(1+(x*qn/0.8038))) | W22: Prasiurbtas dujų tūris normaliosiomis sąlygomis Vmn, Nm3 | X22: Išplėstinės neapibrėžties koef. A | Y22: Išplėstinė neapibrėžtis (dujų tūrio debitas) Uv | Z22: Išplėstinė neapibrėžtis (dujų srauto greitis) Uw | AA22: Sausų dujų tankis normaliosioms sąlygomis qn, (kg/m3) | AB22: Skaičiavimus atliko (inicialai, data)
D23: 12 | H23: 40 | I23: 1000 | J23: 1 | K23: =SUM(I23:J23) -> 1001 | L23: =AA23*22.4 -> 29.060864 | M23: 4.1856304 | N23: 4.1856304 | O23: =AVERAGE(M23:N31) -> 4.1856304 | P23: 4 | Q23: =+(3.14*P23*P23/4) -> 12.56 | R23: =O23*Q23 -> 52.571518 | S23: =+(I23+J23)/(273+H23)*0.269*R23 -> 45.226454 | T23: =H2O!I7 -> 0.005 | U23: =T23/(1.29*W23) -> 0.042265198 | V23: =S23*1/(1+(U23*1.29/0.8038)) -> 42.353591 | W23: =H2O!H7 -> 0.091705923 | X23: 0.083 | Y23: =V23*X23 -> 3.5153481 | Z23: =O23*X23 -> 0.34740732 | AA23: =Aerodinamika!G31 -> 1.29736
D24: 39 | H24: 40 | I24: 1000 | J24: 1 | K24: =SUM(I24:J24) -> 1001 | L24: =AA23*22.4 -> 29.060864 | M24: 4.1856304 | N24: 4.1856304 | P24: 0.5 | Q24: =+(P25*P24) -> 0.375 | R24: =O23*Q24 -> 1.5696114 | S24: =+(I23+J23)/(273+H23)*0.269*R24 -> 1.3503121 | T24: =H2O!I7 -> 0.005 | U24: =T24/(1.29*W24) -> 0.042265198 | V24: =S24*(1/(1+(U24*1.29/0.8038))) -> 1.2645379 | W24: =H2O!H7 -> 0.091705923 | X24: 0.083 | Y24: =V24*X24 -> 0.10495665 | Z24: =O23*X24 -> 0.34740732
D25: 71 | H25: 40 | I25: 1000 | J25: 1 | K25: =SUM(I25:J25) -> 1001 | L25: =AA23*22.4 -> 29.060864 | M25: 4.1856304 | N25: 4.1856304 | P25: 0.75
D26: 116 | H26: 40 | I26: 1000 | J26: 1 | K26: =SUM(I26:J26) -> 1001 | L26: =AA23*22.4 -> 29.060864 | M26: 4.1856304 | N26: 4.1856304 | X26: Iš Aerodinamika | AA26: Iš Aerodinamika
D27: 200 | H27: 40 | I27: 1000 | J27: 1 | K27: =SUM(I27:J27) -> 1001 | L27: =AA23*22.4 -> 29.060864 | M27: 4.1856304 | N27: 4.1856304
D28: 284 | H28: 40 | I28: 1000 | J28: 1 | K28: =SUM(I28:J28) -> 1001 | L28: =AA23*22.4 -> 29.060864 | M28: 4.1856304 | N28: 4.1856304
D29: 329 | H29: 40 | I29: 1000 | J29: 1 | K29: =SUM(I29:J29) -> 1001 | L29: =AA23*22.4 -> 29.060864 | M29: 4.1856304 | N29: 4.1856304
D30: 361 | H30: 40 | I30: 1000 | J30: 1 | K30: =SUM(I30:J30) -> 1001 | L30: =AA23*22.4 -> 29.060864 | M30: 4.1856304 | N30: 4.1856304
D31: 388 | H31: 40 | I31: 1000 | J31: 1 | K31: =SUM(I31:J31) -> 1001 | L31: =AA23*22.4 -> 29.060864 | M31: 4.1856304 | N31: 4.1856304

Sheet H2O
A3: Skaičiuoklė kietųjų dalelių koncentracijai nustatyti. H2O skaičiavimas
B5: Ėminių ėmimo laikas t, min. | C5: Paėmimo greitis, l/min | D5: Atmosf. Slėgis, hPa | E5: Išretėjimas, -hPa | F5: Temp. prie aspirato-riaus, Vtr oC | G5: Dujų tūris normaliom sąlygom, Vn l. | H5: Prasiurbtas dujų tūris normaliosiomis sąlygomis Vmn, Nm3 | I5: Vandens kondensato masė m H2O, kg | J5: Sausų dujų tankis normaliosioms sąlygomis qn (kg/m3) | K5: Drėgmės kiekis X (%) (izokinetinei sistemai) | L5: Pastabos
A7: TŠ 001 H2O | B7: 10 | C7: 10 | D7: =Greitis!I6 -> 1000 | E7: 25.2 | F7: 14 | G7: =+(D7-E7)*B7*C7*0.27/(273+F7) -> 91.705923 | H7: =G7/1000 -> 0.091705923 | I7: 0.005 | J7: =Aerodinamika!G31 -> 1.29736 | K7: =(100*((I7/(H7*J7))/0.8038))/(((I7/(H7*J7))/0.8038)+(1/J7)) -> 6.352173
H11: Pratraukto dujų tūrio suma H2O, Nm3. Įrašyti į "Dujų tūris pagal ISO" W stulpelį | I11: Išmatuotas vandens kiekis 10ltr*10 min. Įrašyti iš "Dujų tūris pagal ISO" T stulpelio

Sheet Paėmimas
C1: EFSVPATD/3-3-1 AAA Aplinkos tyrimų departamentas
A2: Skaičiuoklė kietųjų dalelių koncentracijai nustatyti. Pradinių duomenų nustatymas
A5: Matavimo data | B5: Ėminių registracijos Nr. T-107-2026-E- | C5: Objekto pavadinimas, adresas, taršos šaltinio Nr. | D5: Ortakio skersmuo d (m) | E5: Skerspjūvio plotas A (m2) | F5: Temperatūra ortakyje tor (°C) | G5: Srauto greitis ortakyje wor (m/s) | H5: Atmosfe-rinis slėgis P (hPa) | I5: Statinis slėgis ortakyje ΔPor (hPa) | J5: Slėgis prieš rotametrą ΔPr (±hPa) | K5: Antgalio diametras da (mm) | L5: Prasiurbtas dujų tūris Vm (m3) | M5: Siurbimo laikas t (min) | N5: Siurbimo greitis Vo (l/min) | O5: Siurbiamų dujų temperatūra prieš rotametrą tr (°C) | P5: O2iš (%) (ore 21 %) | Q5: CO2iš (%) (ore 0,04 %) | R5: Darbuotojo inicialai, data | S5: Pastabos | T5: Išmatuota O2 koncentracija (%) | U5: Išmatuota CO2 koncentracija (%) | V5: Temperatūra ortakyje tor (°C) | X5: Išmatuotas diferencinis slėgis taškuose, Pdi, hPa | Y5: Izokine-tiškumas (0,95-1,15)
A6: =Greitis!A6 -> XXXX-XX-XX | B6: XX | C6: =Greitis!C6 -> XXXX | D6: 1 | E6: 0.785 | F6: =V9 -> 40 | G6: =Greitis!G6*129*(SQRT(X6*(273+F6)/(H6+I6)/Greitis!L6)) -> 4.1856304 | H6: =Greitis!I6 -> 1000 | I6: =Greitis!J6 -> 1 | J6: 100 | K6: 7 | L6: =M6*N6/1000 -> 0.05 | M6: 5 | N6: 10 | O6: 10 | P6: =T9 -> 10 | Q6: =U9 -> 4 | R6: XX | S6: 1 linija, 1 filtras | T6: 10.02 | U6: 4.1 | V6: 40.2 | X6: =Greitis!E6 -> 0.14 | Y6: =Aerodinamika!K6 -> 1.0353316
F7: =(F6) -> 40 | G7: =Greitis!G7*129*(SQRT(X7*(273+F7)/(H7+I7)/Greitis!L7)) -> 4.1856304 | H7: =(H6) -> 1000 | I7: =(I6) -> 1 | J7: 100 | K7: =(K6) -> 7 | L7: =M7*N7/1000 -> 0.05 | M7: =(M6) -> 5 | N7: 10 | O7: 10 | P7: =(P6) -> 10 | Q7: =(Q6) -> 4 | T7: 9.98 | U7: 3.9 | V7: 39.8 | X7: =Greitis!E7 -> 0.14 | Y7: =Aerodinamika!K7 -> 1.0353316
F8: =(F6) -> 40 | G8: =Greitis!G8*129*(SQRT(X8*(273+F8)/(H8+I8)/Greitis!L8)) -> 4.1856304 | H8: =(H6) -> 1000 | I8: =(I6) -> 1 | J8: 100 | K8: =(K6) -> 7 | L8: =M8*N8/1000 -> 0.05 | M8: =(M6) -> 5 | N8: 10 | O8: 10 | P8: =(P6) -> 10 | Q8: =(Q6) -> 4 | T8: 10 | U8: 4 | V8: 40 | X8: =Greitis!E8 -> 0.14 | Y8: =Aerodinamika!K8 -> 1.0353316
F9: =(F6) -> 40 | G9: =Greitis!G9*129*(SQRT(X9*(273+F9)/(H9+I9)/Greitis!L9)) -> 4.1856304 | H9: =(H6) -> 1000 | I9: =(I6) -> 1 | J9: 100 | K9: =(K6) -> 7 | L9: =M9*N9/1000 -> 0.05 | M9: =(M6) -> 5 | N9: 10 | O9: 10 | P9: =(P6) -> 10 | Q9: =(Q6) -> 4 | T9: =AVERAGE(T6:T8) -> 10 | U9: =AVERAGE(U6:U8) -> 4 | V9: =AVERAGE(V6:V8) -> 40 | X9: =Greitis!E9 -> 0.14 | Y9: =Aerodinamika!K9 -> 1.0353316
F10: =(F6) -> 40 | G10: =Greitis!G10*129*(SQRT(X10*(273+F10)/(H10+I10)/Greitis!L10)) -> 4.1856304 | H10: =(H6) -> 1000 | I10: =(I6) -> 1 | J10: 100 | K10: =(K6) -> 7 | L10: =M10*N10/1000 -> 0.05 | M10: =(M6) -> 5 | N10: 10 | O10: 10 | P10: =(P6) -> 10 | Q10: =(Q6) -> 4 | T10: O2iš, (%) vidurkis | U10: CO2iš, (%) vidurkis | V10: tor vidurkis, °C | X10: =Greitis!E10 -> 0.14 | Y10: =Aerodinamika!K10 -> 1.0353316
F11: =(F6) -> 40 | G11: =Greitis!G11*129*(SQRT(X11*(273+F11)/(H11+I11)/Greitis!L11)) -> 4.1856304 | H11: =(H6) -> 1000 | I11: =(I6) -> 1 | J11: 100 | K11: =(K6) -> 7 | L11: =M11*N11/1000 -> 0.05 | M11: =(M6) -> 5 | N11: 10 | O11: 10 | P11: =(P6) -> 10 | Q11: =(Q6) -> 4 | X11: =Greitis!E11 -> 0.14 | Y11: =Aerodinamika!K11 -> 1.0353316
F12: =(F6) -> 40 | G12: =Greitis!G12*129*(SQRT(X12*(273+F12)/(H12+I12)/Greitis!L12)) -> 4.1856304 | H12: =(H6) -> 1000 | I12: =(I6) -> 1 | J12: 100 | K12: =(K6) -> 7 | L12: =M12*N12/1000 -> 0.05 | M12: =(M6) -> 5 | N12: 10 | O12: 10 | P12: =(P6) -> 10 | Q12: =(Q6) -> 4 | X12: =Greitis!E12 -> 0.14 | Y12: =Aerodinamika!K12 -> 1.0353316
F13: =(F6) -> 40 | G13: =Greitis!G13*129*(SQRT(X13*(273+F13)/(H13+I13)/Greitis!L13)) -> 4.1856304 | H13: =(H6) -> 1000 | I13: =(I6) -> 1 | J13: 100 | K13: =(K6) -> 7 | L13: =M13*N13/1000 -> 0.05 | M13: =(M6) -> 5 | N13: 10 | O13: 10 | P13: =(P6) -> 10 | Q13: =(Q6) -> 4 | X13: =Greitis!E13 -> 0.14 | Y13: =Aerodinamika!K13 -> 1.0353316
F14: =(F6) -> 40 | G14: =Greitis!G14*129*(SQRT(X14*(273+F14)/(H14+I14)/Greitis!L14)) -> 4.1856304 | H14: =(H6) -> 1000 | I14: =(I6) -> 1 | J14: 100 | K14: =(K6) -> 7 | L14: =M14*N14/1000 -> 0.05 | M14: =(M6) -> 5 | N14: 10 | O14: 10 | P14: =(P6) -> 10 | Q14: =(Q6) -> 4 | X14: =Greitis!E14 -> 0.14 | Y14: =Aerodinamika!K14 -> 1.0353316
L15: =SUM(L6:L14) -> 0.45 | M15: =SUM(M6:M14) -> 45 | N15: =AVERAGE(N6:N14) -> 10
L16: Suma Vm, m3 | M16: Suma t, min | N16: Vidurkis Vo (l/min)
A19: =(A6) -> XXXX-XX-XX | B19: =(B6) -> XX | C19: =(C6) -> XXXX | D19: =(D6) -> 1 | E19: =(E6) -> 0.785 | F19: =(F6) -> 40 | G19: =Greitis!G6*129*(SQRT(X19*(273+F19)/(H19+I19)/Greitis!L6)) -> 4.1856304 | H19: =(H6) -> 1000 | I19: =(I6) -> 1 | J19: 100 | K19: =(K6) -> 7 | L19: =M19*N19/1000 -> 0.05 | M19: =(M6) -> 5 | N19: 10 | O19: 10 | P19: =(P6) -> 10 | Q19: =(Q6) -> 4 | R19: =(R6) -> XX | S19: 2 linija, 2 filtras | X19: =Greitis!F6 -> 0.14 | Y19: =Aerodinamika!K19 -> 1.0353316
F20: =(F6) -> 40 | G20: =Greitis!G7*129*(SQRT(X20*(273+F20)/(H20+I20)/Greitis!L7)) -> 4.1856304 | H20: =(H6) -> 1000 | I20: =(I6) -> 1 | J20: 100 | K20: =(K19) -> 7 | L20: =M20*N20/1000 -> 0.05 | M20: =(M6) -> 5 | N20: 10 | O20: 10 | P20: =(P6) -> 10 | Q20: =(Q6) -> 4 | X20: =Greitis!F7 -> 0.14 | Y20: =Aerodinamika!K20 -> 1.0353316
F21: =(F6) -> 40 | G21: =Greitis!G8*129*(SQRT(X21*(273+F21)/(H21+I21)/Greitis!L8)) -> 4.1856304 | H21: =(H6) -> 1000 | I21: =(I6) -> 1 | J21: 100 | K21: =(K19) -> 7 | L21: =M21*N21/1000 -> 0.05 | M21: =(M6) -> 5 | N21: 10 | O21: 10 | P21: =(P6) -> 10 | Q21: =(Q6) -> 4 | X21: =Greitis!F8 -> 0.14 | Y21: =Aerodinamika!K21 -> 1.0353316
F22: =(F6) -> 40 | G22: =Greitis!G9*129*(SQRT(X22*(273+F22)/(H22+I22)/Greitis!L9)) -> 4.1856304 | H22: =(H6) -> 1000 | I22: =(I6) -> 1 | J22: 100 | K22: =(K19) -> 7 | L22: =M22*N22/1000 -> 0.05 | M22: =(M6) -> 5 | N22: 10 | O22: 10 | P22: =(P6) -> 10 | Q22: =(Q6) -> 4 | X22: =Greitis!F9 -> 0.14 | Y22: =Aerodinamika!K22 -> 1.0353316
F23: =(F6) -> 40 | G23: =Greitis!G10*129*(SQRT(X23*(273+F23)/(H23+I23)/Greitis!L10)) -> 4.1856304 | H23: =(H6) -> 1000 | I23: =(I6) -> 1 | J23: 100 | K23: =(K19) -> 7 | L23: =M23*N23/1000 -> 0.05 | M23: =(M6) -> 5 | N23: 10 | O23: 10 | P23: =(P6) -> 10 | Q23: =(Q6) -> 4 | X23: =Greitis!F10 -> 0.14 | Y23: =Aerodinamika!K23 -> 1.0353316
F24: =(F6) -> 40 | G24: =Greitis!G11*129*(SQRT(X24*(273+F24)/(H24+I24)/Greitis!L11)) -> 4.1856304 | H24: =(H6) -> 1000 | I24: =(I6) -> 1 | J24: 100 | K24: =(K19) -> 7 | L24: =M24*N24/1000 -> 0.05 | M24: =(M6) -> 5 | N24: 10 | O24: 10 | P24: =(P6) -> 10 | Q24: =(Q6) -> 4 | X24: =Greitis!F11 -> 0.14 | Y24: =Aerodinamika!K24 -> 1.0353316
F25: =(F6) -> 40 | G25: =Greitis!G12*129*(SQRT(X25*(273+F25)/(H25+I25)/Greitis!L12)) -> 4.1856304 | H25: =(H6) -> 1000 | I25: =(I6) -> 1 | J25: 100 | K25: =(K19) -> 7 | L25: =M25*N25/1000 -> 0.05 | M25: =(M6) -> 5 | N25: 10 | O25: 10 | P25: =(P6) -> 10 | Q25: =(Q6) -> 4 | X25: =Greitis!F12 -> 0.14 | Y25: =Aerodinamika!K25 -> 1.0353316
F26: =(F6) -> 40 | G26: =Greitis!G13*129*(SQRT(X26*(273+F26)/(H26+I26)/Greitis!L13)) -> 4.1856304 | H26: =(H6) -> 1000 | I26: =(I6) -> 1 | J26: 100 | K26: =(K19) -> 7 | L26: =M26*N26/1000 -> 0.05 | M26: =(M6) -> 5 | N26: 10 | O26: 10 | P26: =(P6) -> 10 | Q26: =(Q6) -> 4 | X26: =Greitis!F13 -> 0.14 | Y26: =Aerodinamika!K26 -> 1.0353316
F27: =(F6) -> 40 | G27: =Greitis!G14*129*(SQRT(X27*(273+F27)/(H27+I27)/Greitis!L14)) -> 4.1856304 | H27: =(H6) -> 1000 | I27: =(I6) -> 1 | J27: 100 | K27: =(K19) -> 7 | L27: =M27*N27/1000 -> 0.05 | M27: =(M6) -> 5 | N27: 10 | O27: 10 | P27: =(P6) -> 10 | Q27: =(Q6) -> 4 | X27: =Greitis!F14 -> 0.14 | Y27: =Aerodinamika!K27 -> 1.0353316
L28: =SUM(L19:L27) -> 0.45 | M28: =SUM(M19:M27) -> 45 | N28: =AVERAGE(N19:N27) -> 10
L29: Suma Vm, m3 | M29: Suma t, min | N29: Vidurkis Vo (l/min)
M31: =(M15+M28) -> 90 | N31: =(N15+N28)/2 -> 10
M32: Viso suma t, min | N32: Vidurkių vidurkis Vo vid (l/min)

Sheet Lapas1

Sheet Aerodinamika
C1: EFSVPATD/3-3-2 AAA Aplinkos tyrimų departamentas
C2: Skaičiuoklė kietųjų dalelių koncentracijai nustatyti. Izokinetiškumo nustatymas
A5: Matavimo data | B5: Ėminių registracijos Nr. T-107-2026-E- | C5: Objekto pavadinimas, adresas, taršos šaltinio Nr. | D5: Prasiurbtas dujų tūris Vm (m3) | E5: Prasiurbtas dujų tūris normaliosiomis sąlygomis Vmn (Nm3) | F5: Prasiurbto dujų tūrio normaliosiomis sąlygomis suma Vmn(sum) (Nm3) | G5: Sausų dujų tankis normaliosioms sąlygomis qn (kg/m3) | H5: Drėgmės kiekis X (%) | I5: Pratrauktas drėgnų dujų tūris realiomis sąlygomis Vmk (m3) | J5: Dujų srauto greitis antgalyje v antg. (m/s) | K5: Izokine-tiškumas (0,95-1,15) | L5: Izokine-tiškumo vidurkis (0,95-1,15) | M5: Skaičiavimus atlikusio asmens inicialai, data | N5: Pastabos
A6: =Paėmimas!A6 -> XXXX-XX-XX | B6: =Paėmimas!B6 -> XX | C6: =Paėmimas!C6 -> XXXX | D6: =Paėmimas!L6 -> 0.05 | E6: =D6*(273/(273+Paėmimas!O6)*(Paėmimas!H6-Paėmimas!J6)/1013) -> 0.042852807 | F6: =SUM(E6:E14) -> 0.38567527 | G6: =((Paėmimas!Q6/100)*1.965)+((Paėmimas!P6/100)*1.429)+((1-(Paėmimas!Q6/100)-(Paėmimas!P6/100))*1.251) -> 1.29736 | H6: =H2O!K7 -> 6.352173 | I6: =(E6/(1-(H6/1000))*((273+Paėmimas!F6)/273)*(1013/(Paėmimas!H6+Paėmimas!I6))) -> 0.05003845 | J6: =(I6/(Paėmimas!M6*60)/((3.142*((Paėmimas!K6/1000)*(Paėmimas!K6/1000))/4))) -> 4.3335152 | K6: =J6/Paėmimas!G6 -> 1.0353316 | L6: =AVERAGE(K6:K14) -> 1.0353316 | M6: =Paėmimas!R6 -> XX | N6: =Paėmimas!S6 -> 1 linija, 1 filtras
D7: =Paėmimas!L7 -> 0.05 | E7: =D7*(273/(273+Paėmimas!O7)*(Paėmimas!H7-Paėmimas!J7)/1013) -> 0.042852807 | G7: =((Paėmimas!Q7/100)*1.965)+((Paėmimas!P7/100)*1.429)+((1-(Paėmimas!Q7/100)-(Paėmimas!P7/100))*1.251) -> 1.29736 | H7: =H2O!K7 -> 6.352173 | I7: =(E7/(1-(H7/1000))*((273+Paėmimas!F7)/273)*(1013/(Paėmimas!H7+Paėmimas!I7))) -> 0.05003845 | J7: =(I7/(Paėmimas!M7*60)/((3.142*((Paėmimas!K7/1000)*(Paėmimas!K7/1000))/4))) -> 4.3335152 | K7: =J7/Paėmimas!G7 -> 1.0353316
D8: =Paėmimas!L8 -> 0.05 | E8: =D8*(273/(273+Paėmimas!O8)*(Paėmimas!H8-Paėmimas!J8)/1013) -> 0.042852807 | G8: =((Paėmimas!Q8/100)*1.965)+((Paėmimas!P8/100)*1.429)+((1-(Paėmimas!Q8/100)-(Paėmimas!P8/100))*1.251) -> 1.29736 | H8: =H2O!K7 -> 6.352173 | I8: =(E8/(1-(H8/1000))*((273+Paėmimas!F8)/273)*(1013/(Paėmimas!H8+Paėmimas!I8))) -> 0.05003845 | J8: =(I8/(Paėmimas!M8*60)/((3.142*((Paėmimas!K8/1000)*(Paėmimas!K8/1000))/4))) -> 4.3335152 | K8: =J8/Paėmimas!G8 -> 1.0353316
D9: =Paėmimas!L9 -> 0.05 | E9: =D9*(273/(273+Paėmimas!O9)*(Paėmimas!H9-Paėmimas!J9)/1013) -> 0.042852807 | G9: =((Paėmimas!Q9/100)*1.965)+((Paėmimas!P9/100)*1.429)+((1-(Paėmimas!Q9/100)-(Paėmimas!P9/100))*1.251) -> 1.29736 | H9: =H2O!K7 -> 6.352173 | I9: =(E9/(1-(H9/1000))*((273+Paėmimas!F9)/273)*(1013/(Paėmimas!H9+Paėmimas!I9))) -> 0.05003845 | J9: =(I9/(Paėmimas!M9*60)/((3.142*((Paėmimas!K9/1000)*(Paėmimas!K9/1000))/4))) -> 4.3335152 | K9: =J9/Paėmimas!G9 -> 1.0353316
D10: =Paėmimas!L10 -> 0.05 | E10: =D10*(273/(273+Paėmimas!O10)*(Paėmimas!H10-Paėmimas!J10)/1013) -> 0.042852807 | G10: =((Paėmimas!Q10/100)*1.965)+((Paėmimas!P10/100)*1.429)+((1-(Paėmimas!Q10/100)-(Paėmimas!P10/100))*1.251) -> 1.29736 | H10: =H2O!K7 -> 6.352173 | I10: =(E10/(1-(H10/1000))*((273+Paėmimas!F10)/273)*(1013/(Paėmimas!H10+Paėmimas!I10))) -> 0.05003845 | J10: =(I10/(Paėmimas!M10*60)/((3.142*((Paėmimas!K10/1000)*(Paėmimas!K10/1000))/4))) -> 4.3335152 | K10: =J10/Paėmimas!G10 -> 1.0353316
D11: =Paėmimas!L11 -> 0.05 | E11: =D11*(273/(273+Paėmimas!O11)*(Paėmimas!H11-Paėmimas!J11)/1013) -> 0.042852807 | G11: =((Paėmimas!Q11/100)*1.965)+((Paėmimas!P11/100)*1.429)+((1-(Paėmimas!Q11/100)-(Paėmimas!P11/100))*1.251) -> 1.29736 | H11: =H2O!K7 -> 6.352173 | I11: =(E11/(1-(H11/1000))*((273+Paėmimas!F11)/273)*(1013/(Paėmimas!H11+Paėmimas!I11))) -> 0.05003845 | J11: =(I11/(Paėmimas!M11*60)/((3.142*((Paėmimas!K11/1000)*(Paėmimas!K11/1000))/4))) -> 4.3335152 | K11: =J11/Paėmimas!G11 -> 1.0353316
D12: =Paėmimas!L12 -> 0.05 | E12: =D12*(273/(273+Paėmimas!O12)*(Paėmimas!H12-Paėmimas!J12)/1013) -> 0.042852807 | G12: =((Paėmimas!Q12/100)*1.965)+((Paėmimas!P12/100)*1.429)+((1-(Paėmimas!Q12/100)-(Paėmimas!P12/100))*1.251) -> 1.29736 | H12: =H2O!K7 -> 6.352173 | I12: =(E12/(1-(H12/1000))*((273+Paėmimas!F12)/273)*(1013/(Paėmimas!H12+Paėmimas!I12))) -> 0.05003845 | J12: =(I12/(Paėmimas!M12*60)/((3.142*((Paėmimas!K12/1000)*(Paėmimas!K12/1000))/4))) -> 4.3335152 | K12: =J12/Paėmimas!G12 -> 1.0353316
D13: =Paėmimas!L13 -> 0.05 | E13: =D13*(273/(273+Paėmimas!O13)*(Paėmimas!H13-Paėmimas!J13)/1013) -> 0.042852807 | G13: =((Paėmimas!Q13/100)*1.965)+((Paėmimas!P13/100)*1.429)+((1-(Paėmimas!Q13/100)-(Paėmimas!P13/100))*1.251) -> 1.29736 | H13: =H2O!K7 -> 6.352173 | I13: =(E13/(1-(H13/1000))*((273+Paėmimas!F13)/273)*(1013/(Paėmimas!H13+Paėmimas!I13))) -> 0.05003845 | J13: =(I13/(Paėmimas!M13*60)/((3.142*((Paėmimas!K13/1000)*(Paėmimas!K13/1000))/4))) -> 4.3335152 | K13: =J13/Paėmimas!G13 -> 1.0353316
D14: =Paėmimas!L14 -> 0.05 | E14: =D14*(273/(273+Paėmimas!O14)*(Paėmimas!H14-Paėmimas!J14)/1013) -> 0.042852807 | G14: =((Paėmimas!Q14/100)*1.965)+((Paėmimas!P14/100)*1.429)+((1-(Paėmimas!Q14/100)-(Paėmimas!P14/100))*1.251) -> 1.29736 | H14: =H2O!K7 -> 6.352173 | I14: =(E14/(1-(H14/1000))*((273+Paėmimas!F14)/273)*(1013/(Paėmimas!H14+Paėmimas!I14))) -> 0.05003845 | J14: =(I14/(Paėmimas!M14*60)/((3.142*((Paėmimas!K14/1000)*(Paėmimas!K14/1000))/4))) -> 4.3335152 | K14: =J14/Paėmimas!G14 -> 1.0353316
G15: =AVERAGE(G6:G14) -> 1.29736 | I15: =SUM(I6:I14) -> 0.45034605
G16: Vidurkis qn, (kg/m3) | I16: Suma Vmk (m3)
A19: =Paėmimas!A19 -> XXXX-XX-XX | B19: =Paėmimas!B19 -> XX | C19: =Paėmimas!C19 -> XXXX | D19: =Paėmimas!L19 -> 0.05 | E19: =D19*(273/(273+Paėmimas!O19)*(Paėmimas!H19-Paėmimas!J19)/1013) -> 0.042852807 | F19: =SUM(E19:E27) -> 0.38567527 | G19: =((Paėmimas!Q19/100)*1.965)+((Paėmimas!P19/100)*1.429)+((1-(Paėmimas!Q19/100)-(Paėmimas!P19/100))*1.251) -> 1.29736 | H19: =H2O!K7 -> 6.352173 | I19: =(E19/(1-(H19/1000))*((273+Paėmimas!F19)/273)*(1013/(Paėmimas!H19+Paėmimas!I19))) -> 0.05003845 | J19: =(I19/(Paėmimas!M19*60)/((3.142*((Paėmimas!K19/1000)*(Paėmimas!K19/1000))/4))) -> 4.3335152 | K19: =J19/Paėmimas!G19 -> 1.0353316 | L19: =AVERAGE(K19:K27) -> 1.0353316 | M19: =Paėmimas!R19 -> XX | N19: =Paėmimas!S19 -> 2 linija, 2 filtras
D20: =Paėmimas!L20 -> 0.05 | E20: =D20*(273/(273+Paėmimas!O20)*(Paėmimas!H20-Paėmimas!J20)/1013) -> 0.042852807 | G20: =((Paėmimas!Q20/100)*1.965)+((Paėmimas!P20/100)*1.429)+((1-(Paėmimas!Q20/100)-(Paėmimas!P20/100))*1.251) -> 1.29736 | H20: =H2O!K7 -> 6.352173 | I20: =(E20/(1-(H20/1000))*((273+Paėmimas!F20)/273)*(1013/(Paėmimas!H20+Paėmimas!I20))) -> 0.05003845 | J20: =(I20/(Paėmimas!M20*60)/((3.142*((Paėmimas!K20/1000)*(Paėmimas!K20/1000))/4))) -> 4.3335152 | K20: =J20/Paėmimas!G20 -> 1.0353316
D21: =Paėmimas!L21 -> 0.05 | E21: =D21*(273/(273+Paėmimas!O21)*(Paėmimas!H21-Paėmimas!J21)/1013) -> 0.042852807 | G21: =((Paėmimas!Q21/100)*1.965)+((Paėmimas!P21/100)*1.429)+((1-(Paėmimas!Q21/100)-(Paėmimas!P21/100))*1.251) -> 1.29736 | H21: =H2O!K7 -> 6.352173 | I21: =(E21/(1-(H21/1000))*((273+Paėmimas!F21)/273)*(1013/(Paėmimas!H21+Paėmimas!I21))) -> 0.05003845 | J21: =(I21/(Paėmimas!M21*60)/((3.142*((Paėmimas!K21/1000)*(Paėmimas!K21/1000))/4))) -> 4.3335152 | K21: =J21/Paėmimas!G21 -> 1.0353316
D22: =Paėmimas!L22 -> 0.05 | E22: =D22*(273/(273+Paėmimas!O22)*(Paėmimas!H22-Paėmimas!J22)/1013) -> 0.042852807 | G22: =((Paėmimas!Q22/100)*1.965)+((Paėmimas!P22/100)*1.429)+((1-(Paėmimas!Q22/100)-(Paėmimas!P22/100))*1.251) -> 1.29736 | H22: =H2O!K7 -> 6.352173 | I22: =(E22/(1-(H22/1000))*((273+Paėmimas!F22)/273)*(1013/(Paėmimas!H22+Paėmimas!I22))) -> 0.05003845 | J22: =(I22/(Paėmimas!M22*60)/((3.142*((Paėmimas!K22/1000)*(Paėmimas!K22/1000))/4))) -> 4.3335152 | K22: =J22/Paėmimas!G22 -> 1.0353316
D23: =Paėmimas!L23 -> 0.05 | E23: =D23*(273/(273+Paėmimas!O23)*(Paėmimas!H23-Paėmimas!J23)/1013) -> 0.042852807 | G23: =((Paėmimas!Q23/100)*1.965)+((Paėmimas!P23/100)*1.429)+((1-(Paėmimas!Q23/100)-(Paėmimas!P23/100))*1.251) -> 1.29736 | H23: =H2O!K7 -> 6.352173 | I23: =(E23/(1-(H23/1000))*((273+Paėmimas!F23)/273)*(1013/(Paėmimas!H23+Paėmimas!I23))) -> 0.05003845 | J23: =(I23/(Paėmimas!M23*60)/((3.142*((Paėmimas!K23/1000)*(Paėmimas!K23/1000))/4))) -> 4.3335152 | K23: =J23/Paėmimas!G23 -> 1.0353316
D24: =Paėmimas!L24 -> 0.05 | E24: =D24*(273/(273+Paėmimas!O24)*(Paėmimas!H24-Paėmimas!J24)/1013) -> 0.042852807 | G24: =((Paėmimas!Q24/100)*1.965)+((Paėmimas!P24/100)*1.429)+((1-(Paėmimas!Q24/100)-(Paėmimas!P24/100))*1.251) -> 1.29736 | H24: =H2O!K7 -> 6.352173 | I24: =(E24/(1-(H24/1000))*((273+Paėmimas!F24)/273)*(1013/(Paėmimas!H24+Paėmimas!I24))) -> 0.05003845 | J24: =(I24/(Paėmimas!M24*60)/((3.142*((Paėmimas!K24/1000)*(Paėmimas!K24/1000))/4))) -> 4.3335152 | K24: =J24/Paėmimas!G24 -> 1.0353316
D25: =Paėmimas!L25 -> 0.05 | E25: =D25*(273/(273+Paėmimas!O25)*(Paėmimas!H25-Paėmimas!J25)/1013) -> 0.042852807 | G25: =((Paėmimas!Q25/100)*1.965)+((Paėmimas!P25/100)*1.429)+((1-(Paėmimas!Q25/100)-(Paėmimas!P25/100))*1.251) -> 1.29736 | H25: =H2O!K7 -> 6.352173 | I25: =(E25/(1-(H25/1000))*((273+Paėmimas!F25)/273)*(1013/(Paėmimas!H25+Paėmimas!I25))) -> 0.05003845 | J25: =(I25/(Paėmimas!M25*60)/((3.142*((Paėmimas!K25/1000)*(Paėmimas!K25/1000))/4))) -> 4.3335152 | K25: =J25/Paėmimas!G25 -> 1.0353316
D26: =Paėmimas!L26 -> 0.05 | E26: =D26*(273/(273+Paėmimas!O26)*(Paėmimas!H26-Paėmimas!J26)/1013) -> 0.042852807 | G26: =((Paėmimas!Q26/100)*1.965)+((Paėmimas!P26/100)*1.429)+((1-(Paėmimas!Q26/100)-(Paėmimas!P26/100))*1.251) -> 1.29736 | H26: =H2O!K7 -> 6.352173 | I26: =(E26/(1-(H26/1000))*((273+Paėmimas!F26)/273)*(1013/(Paėmimas!H26+Paėmimas!I26))) -> 0.05003845 | J26: =(I26/(Paėmimas!M26*60)/((3.142*((Paėmimas!K26/1000)*(Paėmimas!K26/1000))/4))) -> 4.3335152 | K26: =J26/Paėmimas!G26 -> 1.0353316
D27: =Paėmimas!L27 -> 0.05 | E27: =D27*(273/(273+Paėmimas!O27)*(Paėmimas!H27-Paėmimas!J27)/1013) -> 0.042852807 | G27: =((Paėmimas!Q27/100)*1.965)+((Paėmimas!P27/100)*1.429)+((1-(Paėmimas!Q27/100)-(Paėmimas!P27/100))*1.251) -> 1.29736 | H27: =H2O!K7 -> 6.352173 | I27: =(E27/(1-(H27/1000))*((273+Paėmimas!F27)/273)*(1013/(Paėmimas!H27+Paėmimas!I27))) -> 0.05003845 | J27: =(I27/(Paėmimas!M27*60)/((3.142*((Paėmimas!K27/1000)*(Paėmimas!K27/1000))/4))) -> 4.3335152 | K27: =J27/Paėmimas!G27 -> 1.0353316
F28: =SUM(F6+F19) -> 0.77135053 | G28: =AVERAGE(G19:G27) -> 1.29736 | I28: =SUM(I19:I27) -> 0.45034605 | L28: =(L6+L19)/2 -> 1.0353316
F29: Viso suma Vmn(sum), Nm3. | G29: Vidurkis qn, (kg/m3) | I29: Suma Vmk (m3) | L29: Izokine-tiškumo vidurkių vidurkis
G31: =(G15+G28)/2 -> 1.29736 | I31: =SUM(I15+I28) -> 0.90069211
G32: Vidurkių vidurkis qn, (kg/m3) | I32: Viso suma Vmk(sum), m3.
D262: Įvestiniai duomenys
D263: Suskaičiuoti duomenys

Sheet Koncentracija 
C1: EFSVPATD/3-3-3 AAA Aplinkos tyrimų departamentas
A2: Skaičiuoklė kietųjų dalelių koncentracijai nustatyti. Kietųjų dalelių koncentracijos nustatymas
A5: Matavimo data | B5: Ėminių registracijos Nr. T-107-2026-E- | C5: Objekto pavadinimas, adresas, taršos šaltinio Nr. | D5: Filtro Nr. | E5: Filtro svoris prieš KD ėmimą mpr (g) | F5: Filtro svoris po KD ėmimo mpo (g) | G5: Tuščiojo ėminio KD svoris mt (g) | H5: Nuosėdų kiekis mn (g) | I5: Indų svorių pokytis mIt (g) | J5: Sausų dujų tūris n.s. Vmn (Nm3) | K5: Kietų dalelių koncentracija c1 (neįvert. O2) (mg/Nm3) | L5: Tuščiojo filtro vertė mft (mg/m3) (< 2 mg/m3) | M5: Surinktų dulkių ir tuščiojo ėminio santykis mFtk (>5) | N5: Skaičiavimus atlikusio asmens inicialai, data | O5: Filtrų skaičius Fsk (vnt.) | P5: Pastabos
A6: =Paėmimas!A6 -> XXXX-XX-XX | B6: =Svėrimas!A6 -> XX | C6: =Paėmimas!C6 -> XXXX | D6: =Svėrimas!C6 -> 1 | E6: =Svėrimas!G6 -> 4.0517 | F6: =Svėrimas!L6 -> 4.0567 | G6: =Svėrimas!M9 -> 0.0001 | H6: =Svėrimas!M11/O6 -> 5e-05 | I6: =Svėrimas!M16 -> 0 | J6: =Aerodinamika!F6 -> 0.38567527 | K6: =((F6-E6-G6+H6+I6)/J6)*1000 -> 12.834632 | L6: =G6/Paėmimas!L15*1000 -> 0.22222222 | M6: =(((F6-E6)+H6)+((F7-E7)+H7))/G6 -> 101 | N6: =Svėrimas!N6 -> XX | O6: 2 | P6: =Paėmimas!S6 -> 1 linija, 1 filtras
D7: =Svėrimas!C7 -> 2 | E7: =Svėrimas!G7 -> 4.0517 | F7: =Svėrimas!L7 -> 4.0567 | G7: =Svėrimas!M9 -> 0.0001 | H7: =Svėrimas!M11/O6 -> 5e-05 | I7: =Svėrimas!M16 -> 0 | J7: =Aerodinamika!F19 -> 0.38567527 | K7: =((F7-E7-G7+H7+I7)/J7)*1000 -> 12.834632 | L7: =G7/Paėmimas!L28*1000 -> 0.22222222 | P7: =Paėmimas!S19 -> 2 linija, 2 filtras

Sheet Svėrimas
C1: FSVPATD/3-3-4 AAA Aplinkos tyrimų departamentas
A2: Skaičiuoklė kietųjų dalelių koncentracijai nustatyti. Svėrimas
A4: Ėminių registracijos Nr. T-107-2026-E- | B4: Objekto pavadinimas, adresas, taršos šaltinio Nr. | C4: Filtro/ indo Nr. | D4: Tuščio filtro/indo svėrimo data | E4: Filtro/indo svoris prieš KD ėmimą mpr (g) | H4: Atsakingo asmens inicialai, data | I4: Filtro/indo su ėminiu svėrimo data | J4: Filtro/indo svoris po KD ėmimo mpo (g) | M4: Kietųjų dalelių svoris mf/Svorių pokytis (g) (<2,20 g filtro talpumas) | N4: Atsakingo asmens inicialai, data | O4: Pastabos
E5: 1 | F5: 2 | G5: 3 | J5: 1 | K5: 2 | L5: 3
A6: =Paėmimas!B6 -> XX | B6: =Paėmimas!C6 -> XXXX | C6: 1 | D6: =Paėmimas!A6 -> XXXX-XX-XX | E6: 4.0517 | F6: 4.0517 | G6: 4.0517 | H6: =Paėmimas!R6 -> XX | I6: XXXX-XX | J6: 4.0567 | K6: 4.0567 | L6: 4.0567 | M6: =L6-G6 -> 0.005 | N6: XX | O6: =Paėmimas!S6 -> 1 linija, 1 filtras
C7: 2 | E7: 4.0517 | F7: 4.0517 | G7: 4.0517 | J7: 4.0567 | K7: 4.0567 | L7: 4.0567 | M7: =L7-G7 -> 0.005 | O7: =Paėmimas!S19 -> 2 linija, 2 filtras
M8: =L8-G8 -> 0
C9: 3 | E9: 3.7018 | F9: 3.7018 | G9: 3.7018 | J9: 3.7019 | K9: 3.7019 | L9: 3.7019 | M9: =L9-G9 -> 0.0001 | O9: Tuščiasis ėminys (mt)
C11: 41 | E11: 56.4998 | F11: 56.4998 | G11: 56.4998 | J11: 56.4999 | K11: 56.4999 | L11: 56.4999 | M11: =L11-G11 -> 0.0001 | O11: Išplautos nuosėdos (mn)
C12: 00 | E12: 49.8388 | F12: 49.8388 | G12: 49.8388 | J12: 49.8388 | K12: 49.8388 | L12: 49.8388 | M12: =L12-G12 -> 0 | O12: Išvalytos ėminių sistemos tuščiasis ėminys (mIt)
C13: 01 | E13: 54.7893 | F13: 54.7893 | G13: 54.7893 | J13: 54.7894 | K13: 54.7894 | L13: 54.7894 | M13: =L13-G13 -> 0.0001 | O13: Tušti indai svorio kontrolei (mIt1)
C14: 02 | E14: 57.3979 | F14: 57.3979 | G14: 57.3979 | J14: 57.3978 | K14: 57.3978 | L14: 57.3978 | M14: =L14-G14 -> -0.0001 | O14: Tušti indai svorio kontrolei (mIt2)
C15: 03 | E15: 53.9279 | F15: 53.9279 | G15: 53.9279 | J15: 53.9279 | K15: 53.9279 | L15: 53.9279 | M15: =L15-G15 -> 0 | O15: Tušti indai svorio kontrolei (mIt3)
M16: =AVERAGE(M13:M15)+M12 -> 0 | O16: Tuščių indų ir išvalytos ėminių sistemos tuščiojo ėminio svorio pokytis (mItp)

Sheet Koncentracijos ribinės vertės
A3: Patikrinimas, ar planuojamas surinkti dulkių kiekis suderinamas su tuščiojo ėminio verte ir ar filtras nebus per daug apkrautas
A5: Planuojama surinkti dulkių masė m, g (<2,20 g) | B5: Mažiausia ėminio ėmimo trukmė t, 30 min | C5: Tikėtina dulkių koncentracija cexs, mg/Nm3; | D5: Planuojamas dujų tūrio siurbimo greitis matavimo metu ortakio sąlygomis Vo, l/min.
A6: =(B6*C6*D6)/1000000 -> 1.944 | B6: 30 | C6: 5400 | D6: 12
