Workbook

Sheet Compatibility Report
B1: Compatibility Report for Izo dulkes.xls
B2: Run on 2010.09.30 22:52
B4: The following features in this workbook are not supported by earlier versions of Excel. These features may be lost or degraded when you save this workbook in an earlier file format.
B6: Minor loss of fidelity | E6: # of occurrences
B8: Some cells or styles in this workbook contain formatting that is not supported by the selected file format. These formats will be converted to the closest format available. | E8: 1

Sheet Greitis
D3: Debitas pagal matuotą diferencinį slėgį
A5: Matavimo data | B5: Ėminių registracijos Nr. T-107-2026-E- | C5: Objekto pavadinimas, adresas, taršos šaltinio Nr. | D5: Matavimo taškai ortakyje nuo vidinės sienelės, cm | E5: Išmatuotas diferencinis slėgis taškuose 1 linija, Pdi, hPa | F5: Išmatuotas diferencinis slėgis taškuose 2 linija, Pdi, hPa | G5: Pito vamzdelio koeficientas, K | H5: Temperatūra ortakyje t, oC | I5: Atmosferinis slėgis P, hPa | J5: Statinis slėgis ortakyje ± ΔP, hPa | K5: Dujų slėgis kamine Pk= P+ ΔP, hPa | L5: Dujų mol. masė Ms= qn *22.4, kg/ kmol | M5: Dujų srauto greitis matavimo taškuose, 1 linija, wi = K*129 *√t *√Pdi/ √Pk/√Ms, m/s | N5: Dujų srauto greitis matavimo taškuose, 2 linija wi = K*129 *√t *√Pdi/ √Pk/√Ms, m/s | O5: Vidutinis dujų srauto greitis ortakyje w, m/s | P5: Ortakio diametras, matmenys, m | Q5: Ortakio skerspjūvio plotas F, m2 | R5: Dujų tūrio debitas realiomis sąlygomis Vk = wvid × F, m3/s | S5: Dujų tūrio debitas normaliosiomis sąlygomis Vdr n.s =Vk *0,269*(P±ΔP)/(273+t), m3/s | T5: Vandens kondensato masė m H2O, kg | U5: Vandens garų konc. dujose x=mH2O/Vmn*qn, kg/kg | V5: Sausų dujų tūrio debitas normaliosioms sąlygomis Vn= Vdr n.s *((1/(1+(x*qn/0.8038))) | W5: Prasiurbtas dujų tūris normaliosiomis sąlygomis Vmn, Nm3 | X5: Išplėstinės neapibrėžties koef. A | Y5: Išplėstinė neapibrėžtis (dujų tūrio debitas) Uv | Z5: Išplėstinė neapibrėžtis (dujų srauto greitis) Uw | AA5: Sausų dujų tankis normaliosioms sąlygomis qn, (kg/m3) | AB5: Skaičiavimus atliko (inicialai, data)
A6: XXXX-XX-XX | B6: X | C6: XXXX | D6: 6 | E6: 0.14 | G6: 0.836 | H6: =Paėmimas!V9 -> 40 | I6: 1000 | J6: 1 | K6: =SUM(I6:J6) -> 1001 | L6: =AA6*22.4 -> 29.060864 | M6: =G6*129*(SQRT(E6*(273+H6)/(I6+J6)/L6)) -> 4.1856304 | O6: =AVERAGE(M6:M22) -> 4.1856304 | P6: 4 | Q6: =+(3.14*P6*P6/4) -> 12.56 | R6: =O6*Q6 -> 52.571518 | S6: =+(I6+J6)/(273+H6)*0.269*R6 -> 45.226454 | T6: =H2O!I7 -> 0.005 | U6: =T6/(1.29*W6) -> 0.042265198 | V6: =S6*1/(1+(U6*1.29/0.8038)) -> 42.353591 | W6: =H2O!H7 -> 0.091705923 | X6: 0.083 | Y6: =V6*X6 -> 3.5153481 | Z6: =O6*X6 -> 0.34740732 | AA6: =Aerodinamika!G23 -> 1.29736 | AB6: XX
D7: 19 | E7: 0.14 | G7: =(G6) -> 0.836 | H7: =(H6) -> 40 | I7: =(I6) -> 1000 | J7: =(J6) -> 1 | K7: =SUM(I7:J7) -> 1001 | L7: =AA6*22.4 -> 29.060864 | M7: =G7*129*(SQRT(E7*(273+H7)/(I7+J7)/L7)) -> 4.1856304 | P7: 0.5 | Q7: =+(P8*P7) -> 0.375 | R7: =O6*Q7 -> 1.5696114 | S7: =+(I6+J6)/(273+H6)*0.269*R7 -> 1.3503121 | T7: =H2O!I7 -> 0.005 | U7: =T7/(1.29*W7) -> 0.042265198 | V7: =S7*(1/(1+(U7*1.29/0.8038))) -> 1.2645379 | W7: =H2O!H7 -> 0.091705923 | X7: 0.083 | Y7: =V7*X7 -> 0.10495665 | Z7: =O6*X7 -> 0.34740732
D8: 33 | E8: 0.14 | G8: =(G6) -> 0.836 | H8: =(H6) -> 40 | I8: =(I6) -> 1000 | J8: =(J6) -> 1 | K8: =SUM(I8:J8) -> 1001 | L8: =AA6*22.4 -> 29.060864 | M8: =G8*129*(SQRT(E8*(273+H8)/(I8+J8)/L8)) -> 4.1856304 | P8: 0.75
D9: 48 | E9: 0.14 | G9: =(G6) -> 0.836 | H9: =(H6) -> 40 | I9: =(I6) -> 1000 | J9: =(J6) -> 1 | K9: =SUM(I9:J9) -> 1001 | L9: =AA6*22.4 -> 29.060864 | M9: =G9*129*(SQRT(E9*(273+H9)/(I9+J9)/L9)) -> 4.1856304 | W9: Iš Aerodinamika | AA9: Iš Aerodinamika
D10: 65 | E10: 0.14 | G10: =(G6) -> 0.836 | H10: =(H6) -> 40 | I10: =(I6) -> 1000 | J10: =(J6) -> 1 | K10: =SUM(I10:J10) -> 1001 | L10: =AA6*22.4 -> 29.060864 | M10: =G10*129*(SQRT(E10*(273+H10)/(I10+J10)/L10)) -> 4.1856304
D11: 85 | E11: 0.14 | G11: =(G6) -> 0.836 | H11: =(H6) -> 40 | I11: =(I6) -> 1000 | J11: =(J6) -> 1 | K11: =SUM(I11:J11) -> 1001 | L11: =AA6*22.4 -> 29.060864 | M11: =G11*129*(SQRT(E11*(273+H11)/(I11+J11)/L11)) -> 4.1856304
D12: 108 | E12: 0.14 | G12: =(G6) -> 0.836 | H12: =(H6) -> 40 | I12: =(I6) -> 1000 | J12: =(J6) -> 1 | K12: =SUM(I12:J12) -> 1001 | L12: =AA6*22.4 -> 29.060864 | M12: =G12*129*(SQRT(E12*(273+H12)/(I12+J12)/L12)) -> 4.1856304
D13: 140 | E13: 0.14 | G13: =(G6) -> 0.836 | H13: =(H6) -> 40 | I13: =(I6) -> 1000 | J13: =(J6) -> 1 | K13: =SUM(I13:J13) -> 1001 | L13: =AA6*22.4 -> 29.060864 | M13: =G13*129*(SQRT(E13*(273+H13)/(I13+J13)/L13)) -> 4.1856304
D14: 200 | E14: 0.14 | G14: =(G6) -> 0.836 | H14: =(H6) -> 40 | I14: =(I6) -> 1000 | J14: =(J6) -> 1 | K14: =SUM(I14:J14) -> 1001 | L14: =AA6*22.4 -> 29.060864 | M14: =G14*129*(SQRT(E14*(273+H14)/(I14+J14)/L14)) -> 4.1856304
D15: 260 | E15: 0.14 | G15: =(G6) -> 0.836 | H15: =(H6) -> 40 | I15: =(I6) -> 1000 | J15: =(J6) -> 1 | K15: =SUM(I15:J15) -> 1001 | L15: =AA6*22.4 -> 29.060864 | M15: =G15*129*(SQRT(E15*(273+H15)/(I15+J15)/L15)) -> 4.1856304
D16: 292 | E16: 0.14 | G16: =(G6) -> 0.836 | H16: =(H6) -> 40 | I16: =(I6) -> 1000 | J16: =(J6) -> 1 | K16: =SUM(I16:J16) -> 1001 | L16: =AA6*22.4 -> 29.060864 | M16: =G16*129*(SQRT(E16*(273+H16)/(I16+J16)/L16)) -> 4.1856304
D17: 315 | E17: 0.14 | G17: =(G6) -> 0.836 | H17: =(H6) -> 40 | I17: =(I6) -> 1000 | J17: =(J6) -> 1 | K17: =SUM(I17:J17) -> 1001 | L17: =AA6*22.4 -> 29.060864 | M17: =G17*129*(SQRT(E17*(273+H17)/(I17+J17)/L17)) -> 4.1856304
D18: 335 | E18: 0.14 | G18: =(G6) -> 0.836 | H18: =(H6) -> 40 | I18: =(I6) -> 1000 | J18: =(J6) -> 1 | K18: =SUM(I18:J18) -> 1001 | L18: =AA6*22.4 -> 29.060864 | M18: =G18*129*(SQRT(E18*(273+H18)/(I18+J18)/L18)) -> 4.1856304
D19: 352 | E19: 0.14 | G19: =(G6) -> 0.836 | H19: =(H6) -> 40 | I19: =(I6) -> 1000 | J19: =(J6) -> 1 | K19: =SUM(I19:J19) -> 1001 | L19: =AA6*22.4 -> 29.060864 | M19: =G19*129*(SQRT(E19*(273+H19)/(I19+J19)/L19)) -> 4.1856304
D20: 367 | E20: 0.14 | G20: =(G6) -> 0.836 | H20: =(H6) -> 40 | I20: =(I6) -> 1000 | J20: =(J6) -> 1 | K20: =SUM(I20:J20) -> 1001 | L20: =AA6*22.4 -> 29.060864 | M20: =G20*129*(SQRT(E20*(273+H20)/(I20+J20)/L20)) -> 4.1856304
D21: 381 | E21: 0.14 | G21: =(G6) -> 0.836 | H21: =(H6) -> 40 | I21: =(I6) -> 1000 | J21: =(J6) -> 1 | K21: =SUM(I21:J21) -> 1001 | L21: =AA6*22.4 -> 29.060864 | M21: =G21*129*(SQRT(E21*(273+H21)/(I21+J21)/L21)) -> 4.1856304
D22: 394 | E22: 0.14 | G22: =(G6) -> 0.836 | H22: =(H6) -> 40 | I22: =(I6) -> 1000 | J22: =(J6) -> 1 | K22: =SUM(I22:J22) -> 1001 | L22: =AA6*22.4 -> 29.060864 | M22: =G22*129*(SQRT(E22*(273+H22)/(I22+J22)/L22)) -> 4.1856304
D24: RPU** | E24: 0 | G24: =(G6) -> 0.836 | H24: =(H6) -> 40 | I24: =(I6) -> 1000 | J24: =(J6) -> 1 | K24: =SUM(I24:J24) -> 1001 | L24: =AA6*22.4 -> 29.060864 | M24: =G24*129*(SQRT(E24*(273+H24)/(I24+J24)/L24)) -> 0 | O24: vidurinis taškas 2 matavimas
D28: Debitas pagal matuotą dujų greitį
A30: Matavimo data | B30: Ėminių registracijos Nr. T-107-2026-E- | C30: Objekto pavadinimas, adresas, taršos šaltinio Nr. | D30: Matavimo taškai ortakyje nuo vidinės sienelės, cm | E30: Išmatuotas diferencinis slėgis taškuose 1 linija, Pdi, hPa | F30: Išmatuotas diferencinis slėgis taškuose 2 linija, Pdi, hPa | G30: Pito vamzdelio koeficientas, K | H30: Temperatūra ortakyje t, oC | I30: Atmosferinis slėgis P, hPa | J30: Statinis slėgis ortakyje ± ΔP, hPa | K30: Dujų slėgis kamine Pk= P+ ΔP, hPa | L30: Dujų mol. masė Ms= qn *22.4, kg/ kmol | M30: Dujų srauto greitis matavimo taškuose, 1 linija, wi = K*129 *√t *√Pdi/ √Pk/√Ms, m/s | N30: Dujų srauto greitis matavimo taškuose, 2 linija wi = K*129 *√t *√Pdi/ √Pk/√Ms, m/s | O30: Vidutinis dujų srauto greitis ortakyje w, m/s | P30: Ortakio diametras, matmenys, m | Q30: Ortakio skerspjūvio plotas F, m2 | R30: Dujų tūrio debitas realiomis sąlygomis Vk = wvid × F, m3/s | S30: Dujų tūrio debitas normaliosiomis sąlygomis Vdr n.s =Vk *0,269*(P±ΔP)/(273+t), m3/s | T30: Vandens kondensato masė m H2O, kg | U30: Vandens garų konc. dujose x=mH2O/Vmn*qn, kg/kg | V30: Sausų dujų tūrio debitas normaliosioms sąlygomis Vn= Vdr n.s *((1/(1+(x*qn/0.8038))) | W30: Prasiurbtas dujų tūris normaliosiomis sąlygomis Vmn, Nm3 | X30: Išplėstinės neapibrėžties koef. A | Y30: Išplėstinė neapibrėžtis (dujų tūrio debitas) Uv | Z30: Išplėstinė neapibrėžtis (dujų srauto greitis) Uw | AA30: Sausų dujų tankis normaliosioms sąlygomis qn, (kg/m3) | AB30: Skaičiavimus atliko (inicialai, data)
D31: 6 | H31: 40 | I31: 1000 | J31: 1 | K31: =SUM(I31:J31) -> 1001 | L31: =AA31*22.4 -> 29.060864 | M31: 4.1856304 | O31: =AVERAGE(M31:M47) -> 4.1856304 | P31: 4 | Q31: =+(3.14*P31*P31/4) -> 12.56 | R31: =O31*Q31 -> 52.571518 | S31: =+(I31+J31)/(273+H31)*0.269*R31 -> 45.226454 | T31: =H2O!I7 -> 0.005 | U31: =T31/(1.29*W31) -> 0.042265198 | V31: =S31*1/(1+(U31*1.29/0.8038)) -> 42.353591 | W31: =H2O!H7 -> 0.091705923 | X31: 0.083 | Y31: =V31*X31 -> 3.5153481 | Z31: =O31*X31 -> 0.34740732 | AA31: =Aerodinamika!G23 -> 1.29736
D32: 19 | H32: 40 | I32: 1000 | J32: 1 | K32: =SUM(I32:J32) -> 1001 | L32: =AA31*22.4 -> 29.060864 | M32: 4.1856304 | P32: 0.5 | Q32: =+(P33*P32) -> 0.375 | R32: =O31*Q32 -> 1.5696114 | S32: =+(I31+J31)/(273+H31)*0.269*R32 -> 1.3503121 | T32: =H2O!I7 -> 0.005 | U32: =T32/(1.29*W32) -> 0.042265198 | V32: =S32*(1/(1+(U32*1.29/0.8038))) -> 1.2645379 | W32: =H2O!H7 -> 0.091705923 | X32: 0.083 | Y32: =V32*X32 -> 0.10495665 | Z32: =O31*X32 -> 0.34740732
D33: 33 | H33: 40 | I33: 1000 | J33: 1 | K33: =SUM(I33:J33) -> 1001 | L33: =AA31*22.4 -> 29.060864 | M33: 4.1856304 | P33: 0.75
D34: 48 | H34: 40 | I34: 1000 | J34: 1 | K34: =SUM(I34:J34) -> 1001 | L34: =AA31*22.4 -> 29.060864 | M34: 4.1856304 | W34: Iš Aerodinamika | AA34: Iš Aerodinamika
D35: 65 | H35: 40 | I35: 1000 | J35: 1 | K35: =SUM(I35:J35) -> 1001 | L35: =AA31*22.4 -> 29.060864 | M35: 4.1856304
D36: 85 | H36: 40 | I36: 1000 | J36: 1 | K36: =SUM(I36:J36) -> 1001 | L36: =AA31*22.4 -> 29.060864 | M36: 4.1856304
D37: 108 | H37: 40 | I37: 1000 | J37: 1 | K37: =SUM(I37:J37) -> 1001 | L37: =AA31*22.4 -> 29.060864 | M37: 4.1856304
D38: 140 | H38: 40 | I38: 1000 | J38: 1 | K38: =SUM(I38:J38) -> 1001 | L38: =AA31*22.4 -> 29.060864 | M38: 4.1856304
D39: 200 | H39: 40 | I39: 1000 | J39: 1 | K39: =SUM(I39:J39) -> 1001 | L39: =AA31*22.4 -> 29.060864 | M39: 4.1856304
D40: 260 | H40: 40 | I40: 1000 | J40: 1 | K40: =SUM(I40:J40) -> 1001 | L40: =AA31*22.4 -> 29.060864 | M40: 4.1856304
D41: 292 | H41: 40 | I41: 1000 | J41: 1 | K41: =SUM(I41:J41) -> 1001 | L41: =AA31*22.4 -> 29.060864 | M41: 4.1856304
D42: 315 | H42: 40 | I42: 1000 | J42: 1 | K42: =SUM(I42:J42) -> 1001 | L42: =AA31*22.4 -> 29.060864 | M42: 4.1856304
D43: 335 | H43: 40 | I43: 1000 | J43: 1 | K43: =SUM(I43:J43) -> 1001 | L43: =AA31*22.4 -> 29.060864 | M43: 4.1856304
D44: 352 | H44: 40 | I44: 1000 | J44: 1 | K44: =SUM(I44:J44) -> 1001 | L44: =AA31*22.4 -> 29.060864 | M44: 4.1856304
D45: 367 | H45: 40 | I45: 1000 | J45: 1 | K45: =SUM(I45:J45) -> 1001 | L45: =AA31*22.4 -> 29.060864 | M45: 4.1856304
D46: 381 | H46: 40 | I46: 1000 | J46: 1 | K46: =SUM(I46:J46) -> 1001 | L46: =AA31*22.4 -> 29.060864 | M46: 4.1856304
D47: 394 | H47: 40 | I47: 1000 | J47: 1 | K47: =SUM(I47:J47) -> 1001 | L47: =AA31*22.4 -> 29.060864 | M47: 4.1856304

Sheet H2O
A3: Skaičiuoklė kietųjų dalelių koncentracijai nustatyti. H2O skaičiavimas
B5: Ėminių ėmimo laikas t, min. | C5: Paėmimo greitis, l/min | D5: Atmosf. Slėgis, hPa | E5: Išretėjimas, -hPa | F5: Temp. prie aspirato-riaus, Vtr oC | G5: Dujų tūris normaliom sąlygom, Vn l. | H5: Prasiurbtas dujų tūris normaliosiomis sąlygomis Vmn, Nm3 | I5: Vandens kondensato masė m H2O, kg | J5: Sausų dujų tankis normaliosioms sąlygomis qn (kg/m3) | K5: Drėgmės kiekis X (%) (izokinetinei sistemai) | L5: Pastabos
A7: X | B7: 10 | C7: 10 | D7: =Greitis!I6 -> 1000 | E7: 25.2 | F7: 14 | G7: =+(D7-E7)*B7*C7*0.27/(273+F7) -> 91.705923 | H7: =G7/1000 -> 0.091705923 | I7: 0.005 | J7: =Aerodinamika!G23 -> 1.29736 | K7: =(100*((I7/(H7*J7))/0.8038))/(((I7/(H7*J7))/0.8038)+(1/J7)) -> 6.352173
H11: Pratraukto dujų tūrio suma H2O, Nm3. Įrašyti į "Dujų tūris pagal ISO" W stulpelį | I11: Išmatuotas vandens kiekis 10ltr*10 min. Įrašyti iš "Dujų tūris pagal ISO" T stulpelio

Sheet Paėmimas
C1: EFSVPATD/3-3-1 AAA Aplinkos tyrimų departamentas
A2: Skaičiuoklė kietųjų dalelių koncentracijai nustatyti. Pradinių duomenų nustatymas
A5: Matavimo data | B5: Ėminių registracijos Nr. T-107-2026-E- | C5: Objekto pavadinimas, adresas, taršos šaltinio Nr. | D5: Ortakio skersmuo d (m) | E5: Skerspjūvio plotas A (m2) | F5: Temperatūra ortakyje tor (°C) | G5: Srauto greitis ortakyje wor (m/s) | H5: Atmosfe-rinis slėgis P (hPa) | I5: Statinis slėgis ortakyje ΔPor (hPa) | J5: Slėgis prieš rotametrą ΔPr (±hPa) | K5: Antgalio diametras da (mm) | L5: Prasiurbtas dujų tūris Vm (m3) | M5: Siurbimo laikas t (min) | N5: Siurbimo greitis Vo (l/min) | O5: Siurbiamų dujų temperatūra prieš rotametrą tr (°C) | P5: O2iš (%) (ore 21 %) | Q5: CO2iš (%) (ore 0,04 %) | R5: Darbuotojo inicialai, data | S5: Pastabos | T5: Išmatuota O2 koncentracija (%) | U5: Išmatuota CO2 koncentracija (%) | V5: Temperatūra ortakyje tor (°C) | X5: Išmatuotas diferencinis slėgis taškuose, Pdi, hPa | Y5: Izokine-tiškumas (0,95-1,15)
A6: =Greitis!A6 -> XXXX-XX-XX | B6: XX | C6: =Greitis!C6 -> XXXX | D6: 1 | E6: 0.785 | F6: =V9 -> 40 | G6: =Greitis!G6*129*(SQRT(X6*(273+F6)/(H6+I6)/Greitis!L6)) -> 4.1856304 | H6: =Greitis!I6 -> 1000 | I6: =Greitis!J6 -> 1 | J6: 100 | K6: 7 | L6: =M6*N6/1000 -> 0.03 | M6: 3 | N6: 10 | O6: 10 | P6: =T9 -> 10 | Q6: =U9 -> 4 | R6: XX | S6: 1 linija, 1 filtras | T6: 10.02 | U6: 4.1 | V6: 40.2 | X6: =Greitis!E6 -> 0.14 | Y6: =Aerodinamika!K6 -> 1.0353316
F7: =(F6) -> 40 | G7: =Greitis!G7*129*(SQRT(X7*(273+F7)/(H7+I7)/Greitis!L7)) -> 4.1856304 | H7: =(H6) -> 1000 | I7: =(I6) -> 1 | J7: 100 | K7: =(K6) -> 7 | L7: =M7*N7/1000 -> 0.03 | M7: =(M6) -> 3 | N7: 10 | O7: 10 | P7: =(P6) -> 10 | Q7: =(Q6) -> 4 | T7: 9.98 | U7: 3.9 | V7: 39.8 | X7: =Greitis!E7 -> 0.14 | Y7: =Aerodinamika!K7 -> 1.0353316
F8: =(F7) -> 40 | G8: =Greitis!G8*129*(SQRT(X8*(273+F8)/(H8+I8)/Greitis!L8)) -> 4.1856304 | H8: =(H7) -> 1000 | I8: =(I7) -> 1 | J8: 100 | K8: =(K7) -> 7 | L8: =M8*N8/1000 -> 0.03 | M8: =(M7) -> 3 | N8: 10 | O8: 10 | P8: =(P7) -> 10 | Q8: =(Q7) -> 4 | T8: 10 | U8: 4 | V8: 40 | X8: =Greitis!E8 -> 0.14 | Y8: =Aerodinamika!K8 -> 1.0353316
F9: =(F8) -> 40 | G9: =Greitis!G9*129*(SQRT(X9*(273+F9)/(H9+I9)/Greitis!L9)) -> 4.1856304 | H9: =(H8) -> 1000 | I9: =(I8) -> 1 | J9: 100 | K9: =(K8) -> 7 | L9: =M9*N9/1000 -> 0.03 | M9: =(M8) -> 3 | N9: 10 | O9: 10 | P9: =(P8) -> 10 | Q9: =(Q8) -> 4 | T9: =AVERAGE(T6:T8) -> 10 | U9: =AVERAGE(U6:U8) -> 4 | V9: =AVERAGE(V6:V8) -> 40 | X9: =Greitis!E9 -> 0.14 | Y9: =Aerodinamika!K9 -> 1.0353316
F10: =(F9) -> 40 | G10: =Greitis!G10*129*(SQRT(X10*(273+F10)/(H10+I10)/Greitis!L10)) -> 4.1856304 | H10: =(H9) -> 1000 | I10: =(I9) -> 1 | J10: 100 | K10: =(K9) -> 7 | L10: =M10*N10/1000 -> 0.03 | M10: =(M9) -> 3 | N10: 10 | O10: 10 | P10: =(P9) -> 10 | Q10: =(Q9) -> 4 | T10: O2iš, (%) vidurkis | U10: CO2iš, (%) vidurkis | V10: tor vidurkis, °C | X10: =Greitis!E10 -> 0.14 | Y10: =Aerodinamika!K10 -> 1.0353316
F11: =(F10) -> 40 | G11: =Greitis!G11*129*(SQRT(X11*(273+F11)/(H11+I11)/Greitis!L11)) -> 4.1856304 | H11: =(H10) -> 1000 | I11: =(I10) -> 1 | J11: 100 | K11: =(K10) -> 7 | L11: =M11*N11/1000 -> 0.03 | M11: =(M10) -> 3 | N11: 10 | O11: 10 | P11: =(P10) -> 10 | Q11: =(Q10) -> 4 | X11: =Greitis!E11 -> 0.14 | Y11: =Aerodinamika!K11 -> 1.0353316
F12: =(F11) -> 40 | G12: =Greitis!G12*129*(SQRT(X12*(273+F12)/(H12+I12)/Greitis!L12)) -> 4.1856304 | H12: =(H11) -> 1000 | I12: =(I11) -> 1 | J12: 100 | K12: =(K11) -> 7 | L12: =M12*N12/1000 -> 0.03 | M12: =(M11) -> 3 | N12: 10 | O12: 10 | P12: =(P11) -> 10 | Q12: =(Q11) -> 4 | X12: =Greitis!E12 -> 0.14 | Y12: =Aerodinamika!K12 -> 1.0353316
F13: =(F12) -> 40 | G13: =Greitis!G13*129*(SQRT(X13*(273+F13)/(H13+I13)/Greitis!L13)) -> 4.1856304 | H13: =(H12) -> 1000 | I13: =(I12) -> 1 | J13: 100 | K13: =(K12) -> 7 | L13: =M13*N13/1000 -> 0.03 | M13: =(M12) -> 3 | N13: 10 | O13: 10 | P13: =(P12) -> 10 | Q13: =(Q12) -> 4 | X13: =Greitis!E13 -> 0.14 | Y13: =Aerodinamika!K13 -> 1.0353316
F14: =(F13) -> 40 | G14: =Greitis!G14*129*(SQRT(X14*(273+F14)/(H14+I14)/Greitis!L14)) -> 4.1856304 | H14: =(H13) -> 1000 | I14: =(I13) -> 1 | J14: 100 | K14: =(K13) -> 7 | L14: =M14*N14/1000 -> 0.03 | M14: =(M13) -> 3 | N14: 10 | O14: 10 | P14: =(P13) -> 10 | Q14: =(Q13) -> 4 | X14: =Greitis!E14 -> 0.14 | Y14: =Aerodinamika!K14 -> 1.0353316
F15: =(F14) -> 40 | G15: =Greitis!G15*129*(SQRT(X15*(273+F15)/(H15+I15)/Greitis!L15)) -> 4.1856304 | H15: =(H14) -> 1000 | I15: =(I14) -> 1 | J15: 100 | K15: =(K14) -> 7 | L15: =M15*N15/1000 -> 0.03 | M15: =(M14) -> 3 | N15: 10 | O15: 10 | P15: =(P14) -> 10 | Q15: =(Q14) -> 4 | X15: =Greitis!E15 -> 0.14 | Y15: =Aerodinamika!K15 -> 1.0353316
F16: =(F15) -> 40 | G16: =Greitis!G16*129*(SQRT(X16*(273+F16)/(H16+I16)/Greitis!L16)) -> 4.1856304 | H16: =(H15) -> 1000 | I16: =(I15) -> 1 | J16: 100 | K16: =(K15) -> 7 | L16: =M16*N16/1000 -> 0.03 | M16: =(M15) -> 3 | N16: 10 | O16: 10 | P16: =(P15) -> 10 | Q16: =(Q15) -> 4 | X16: =Greitis!E16 -> 0.14 | Y16: =Aerodinamika!K16 -> 1.0353316
F17: =(F16) -> 40 | G17: =Greitis!G17*129*(SQRT(X17*(273+F17)/(H17+I17)/Greitis!L17)) -> 4.1856304 | H17: =(H16) -> 1000 | I17: =(I16) -> 1 | J17: 100 | K17: =(K16) -> 7 | L17: =M17*N17/1000 -> 0.03 | M17: =(M16) -> 3 | N17: 10 | O17: 10 | P17: =(P16) -> 10 | Q17: =(Q16) -> 4 | X17: =Greitis!E17 -> 0.14 | Y17: =Aerodinamika!K17 -> 1.0353316
F18: =(F17) -> 40 | G18: =Greitis!G18*129*(SQRT(X18*(273+F18)/(H18+I18)/Greitis!L18)) -> 4.1856304 | H18: =(H17) -> 1000 | I18: =(I17) -> 1 | J18: 100 | K18: =(K17) -> 7 | L18: =M18*N18/1000 -> 0.03 | M18: =(M17) -> 3 | N18: 10 | O18: 10 | P18: =(P17) -> 10 | Q18: =(Q17) -> 4 | X18: =Greitis!E18 -> 0.14 | Y18: =Aerodinamika!K18 -> 1.0353316
F19: =(F18) -> 40 | G19: =Greitis!G19*129*(SQRT(X19*(273+F19)/(H19+I19)/Greitis!L19)) -> 4.1856304 | H19: =(H18) -> 1000 | I19: =(I18) -> 1 | J19: 100 | K19: =(K18) -> 7 | L19: =M19*N19/1000 -> 0.03 | M19: =(M18) -> 3 | N19: 10 | O19: 10 | P19: =(P18) -> 10 | Q19: =(Q18) -> 4 | X19: =Greitis!E19 -> 0.14 | Y19: =Aerodinamika!K19 -> 1.0353316
F20: =(F19) -> 40 | G20: =Greitis!G20*129*(SQRT(X20*(273+F20)/(H20+I20)/Greitis!L20)) -> 4.1856304 | H20: =(H19) -> 1000 | I20: =(I19) -> 1 | J20: 100 | K20: =(K19) -> 7 | L20: =M20*N20/1000 -> 0.03 | M20: =(M19) -> 3 | N20: 10 | O20: 10 | P20: =(P19) -> 10 | Q20: =(Q19) -> 4 | X20: =Greitis!E20 -> 0.14 | Y20: =Aerodinamika!K20 -> 1.0353316
F21: =(F20) -> 40 | G21: =Greitis!G21*129*(SQRT(X21*(273+F21)/(H21+I21)/Greitis!L21)) -> 4.1856304 | H21: =(H20) -> 1000 | I21: =(I20) -> 1 | J21: 100 | K21: =(K20) -> 7 | L21: =M21*N21/1000 -> 0.03 | M21: =(M20) -> 3 | N21: 10 | O21: 10 | P21: =(P20) -> 10 | Q21: =(Q20) -> 4 | X21: =Greitis!E21 -> 0.14 | Y21: =Aerodinamika!K21 -> 1.0353316
F22: =(F21) -> 40 | G22: =Greitis!G22*129*(SQRT(X22*(273+F22)/(H22+I22)/Greitis!L22)) -> 4.1856304 | H22: =(H21) -> 1000 | I22: =(I21) -> 1 | J22: 100 | K22: =(K21) -> 7 | L22: =M22*N22/1000 -> 0.03 | M22: =(M21) -> 3 | N22: 10 | O22: 10 | P22: =(P21) -> 10 | Q22: =(Q21) -> 4 | X22: =Greitis!E22 -> 0.14 | Y22: =Aerodinamika!K22 -> 1.0353316
L23: =SUM(L6:L22) -> 0.51 | M23: =SUM(M6:M22) -> 51 | N23: =AVERAGE(N6:N22) -> 10
L24: Suma Vm, m3 | M24: Suma t, min | N24: Vidurkis Vo (l/min)

Sheet Aerodinamika
C1: EFSVPATD/3-3-2 AAA Aplinkos tyrimų departamentas
C2: Skaičiuoklė kietųjų dalelių koncentracijai nustatyti. Izokinetiškumo nustatymas
A5: Matavimo data | B5: Ėminių registracijos Nr. T-107-2026-E- | C5: Objekto pavadinimas, adresas, taršos šaltinio Nr. | D5: Prasiurbtas dujų tūris Vm (m3) | E5: Prasiurbtas dujų tūris normaliosiomis sąlygomis Vmn (Nm3) | F5: Prasiurbto dujų tūrio normaliosiomis sąlygomis suma Vmn(sum) (Nm3) | G5: Sausų dujų tankis normaliosioms sąlygomis qn (kg/m3) | H5: Drėgmės kiekis X (%) | I5: Pratrauktas drėgnų dujų tūris realiomis sąlygomis Vmk (m3) | J5: Dujų srauto greitis antgalyje v antg. (m/s) | K5: Izokine-tiškumas (0,95-1,15) | L5: Izokine-tiškumo vidurkis (0,95-1,15) | M5: Skaičiavimus atlikusio asmens inicialai, data | N5: Pastabos
A6: =Paėmimas!A6 -> XXXX-XX-XX | B6: =Paėmimas!B6 -> XX | C6: =Paėmimas!C6 -> XXXX | D6: =Paėmimas!L6 -> 0.03 | E6: =D6*(273/(273+Paėmimas!O6)*(Paėmimas!H6-Paėmimas!J6)/1013) -> 0.025711684 | F6: =SUM(E6:E22) -> 0.43709864 | G6: =((Paėmimas!Q6/100)*1.965)+((Paėmimas!P6/100)*1.429)+((1-(Paėmimas!Q6/100)-(Paėmimas!P6/100))*1.251) -> 1.29736 | H6: =H2O!K7 -> 6.352173 | I6: =(E6/(1-(H6/1000))*((273+Paėmimas!F6)/273)*(1013/(Paėmimas!H6+Paėmimas!I6))) -> 0.03002307 | J6: =(I6/(Paėmimas!M6*60)/((3.142*((Paėmimas!K6/1000)*(Paėmimas!K6/1000))/4))) -> 4.3335152 | K6: =J6/Paėmimas!G6 -> 1.0353316 | L6: =AVERAGE(K6:K22) -> 1.0353316 | M6: =Paėmimas!R6 -> XX | N6: =Paėmimas!S6 -> 1 linija, 1 filtras
D7: =Paėmimas!L7 -> 0.03 | E7: =D7*(273/(273+Paėmimas!O7)*(Paėmimas!H7-Paėmimas!J7)/1013) -> 0.025711684 | G7: =((Paėmimas!Q7/100)*1.965)+((Paėmimas!P7/100)*1.429)+((1-(Paėmimas!Q7/100)-(Paėmimas!P7/100))*1.251) -> 1.29736 | H7: =H2O!K7 -> 6.352173 | I7: =(E7/(1-(H7/1000))*((273+Paėmimas!F7)/273)*(1013/(Paėmimas!H7+Paėmimas!I7))) -> 0.03002307 | J7: =(I7/(Paėmimas!M7*60)/((3.142*((Paėmimas!K7/1000)*(Paėmimas!K7/1000))/4))) -> 4.3335152 | K7: =J7/Paėmimas!G7 -> 1.0353316
D8: =Paėmimas!L8 -> 0.03 | E8: =D8*(273/(273+Paėmimas!O8)*(Paėmimas!H8-Paėmimas!J8)/1013) -> 0.025711684 | G8: =((Paėmimas!Q8/100)*1.965)+((Paėmimas!P8/100)*1.429)+((1-(Paėmimas!Q8/100)-(Paėmimas!P8/100))*1.251) -> 1.29736 | H8: =H2O!K7 -> 6.352173 | I8: =(E8/(1-(H8/1000))*((273+Paėmimas!F8)/273)*(1013/(Paėmimas!H8+Paėmimas!I8))) -> 0.03002307 | J8: =(I8/(Paėmimas!M8*60)/((3.142*((Paėmimas!K8/1000)*(Paėmimas!K8/1000))/4))) -> 4.3335152 | K8: =J8/Paėmimas!G8 -> 1.0353316
D9: =Paėmimas!L9 -> 0.03 | E9: =D9*(273/(273+Paėmimas!O9)*(Paėmimas!H9-Paėmimas!J9)/1013) -> 0.025711684 | G9: =((Paėmimas!Q9/100)*1.965)+((Paėmimas!P9/100)*1.429)+((1-(Paėmimas!Q9/100)-(Paėmimas!P9/100))*1.251) -> 1.29736 | H9: =H2O!K7 -> 6.352173 | I9: =(E9/(1-(H9/1000))*((273+Paėmimas!F9)/273)*(1013/(Paėmimas!H9+Paėmimas!I9))) -> 0.03002307 | J9: =(I9/(Paėmimas!M9*60)/((3.142*((Paėmimas!K9/1000)*(Paėmimas!K9/1000))/4))) -> 4.3335152 | K9: =J9/Paėmimas!G9 -> 1.0353316
D10: =Paėmimas!L10 -> 0.03 | E10: =D10*(273/(273+Paėmimas!O10)*(Paėmimas!H10-Paėmimas!J10)/1013) -> 0.025711684 | G10: =((Paėmimas!Q10/100)*1.965)+((Paėmimas!P10/100)*1.429)+((1-(Paėmimas!Q10/100)-(Paėmimas!P10/100))*1.251) -> 1.29736 | H10: =H2O!K7 -> 6.352173 | I10: =(E10/(1-(H10/1000))*((273+Paėmimas!F10)/273)*(1013/(Paėmimas!H10+Paėmimas!I10))) -> 0.03002307 | J10: =(I10/(Paėmimas!M10*60)/((3.142*((Paėmimas!K10/1000)*(Paėmimas!K10/1000))/4))) -> 4.3335152 | K10: =J10/Paėmimas!G10 -> 1.0353316
D11: =Paėmimas!L11 -> 0.03 | E11: =D11*(273/(273+Paėmimas!O11)*(Paėmimas!H11-Paėmimas!J11)/1013) -> 0.025711684 | G11: =((Paėmimas!Q11/100)*1.965)+((Paėmimas!P11/100)*1.429)+((1-(Paėmimas!Q11/100)-(Paėmimas!P11/100))*1.251) -> 1.29736 | H11: =H2O!K7 -> 6.352173 | I11: =(E11/(1-(H11/1000))*((273+Paėmimas!F11)/273)*(1013/(Paėmimas!H11+Paėmimas!I11))) -> 0.03002307 | J11: =(I11/(Paėmimas!M11*60)/((3.142*((Paėmimas!K11/1000)*(Paėmimas!K11/1000))/4))) -> 4.3335152 | K11: =J11/Paėmimas!G11 -> 1.0353316
D12: =Paėmimas!L12 -> 0.03 | E12: =D12*(273/(273+Paėmimas!O12)*(Paėmimas!H12-Paėmimas!J12)/1013) -> 0.025711684 | G12: =((Paėmimas!Q12/100)*1.965)+((Paėmimas!P12/100)*1.429)+((1-(Paėmimas!Q12/100)-(Paėmimas!P12/100))*1.251) -> 1.29736 | H12: =H2O!K7 -> 6.352173 | I12: =(E12/(1-(H12/1000))*((273+Paėmimas!F12)/273)*(1013/(Paėmimas!H12+Paėmimas!I12))) -> 0.03002307 | J12: =(I12/(Paėmimas!M12*60)/((3.142*((Paėmimas!K12/1000)*(Paėmimas!K12/1000))/4))) -> 4.3335152 | K12: =J12/Paėmimas!G12 -> 1.0353316
D13: =Paėmimas!L13 -> 0.03 | E13: =D13*(273/(273+Paėmimas!O13)*(Paėmimas!H13-Paėmimas!J13)/1013) -> 0.025711684 | G13: =((Paėmimas!Q13/100)*1.965)+((Paėmimas!P13/100)*1.429)+((1-(Paėmimas!Q13/100)-(Paėmimas!P13/100))*1.251) -> 1.29736 | H13: =H2O!K7 -> 6.352173 | I13: =(E13/(1-(H13/1000))*((273+Paėmimas!F13)/273)*(1013/(Paėmimas!H13+Paėmimas!I13))) -> 0.03002307 | J13: =(I13/(Paėmimas!M13*60)/((3.142*((Paėmimas!K13/1000)*(Paėmimas!K13/1000))/4))) -> 4.3335152 | K13: =J13/Paėmimas!G13 -> 1.0353316
D14: =Paėmimas!L14 -> 0.03 | E14: =D14*(273/(273+Paėmimas!O14)*(Paėmimas!H14-Paėmimas!J14)/1013) -> 0.025711684 | G14: =((Paėmimas!Q14/100)*1.965)+((Paėmimas!P14/100)*1.429)+((1-(Paėmimas!Q14/100)-(Paėmimas!P14/100))*1.251) -> 1.29736 | H14: =H2O!K7 -> 6.352173 | I14: =(E14/(1-(H14/1000))*((273+Paėmimas!F14)/273)*(1013/(Paėmimas!H14+Paėmimas!I14))) -> 0.03002307 | J14: =(I14/(Paėmimas!M14*60)/((3.142*((Paėmimas!K14/1000)*(Paėmimas!K14/1000))/4))) -> 4.3335152 | K14: =J14/Paėmimas!G14 -> 1.0353316
D15: =Paėmimas!L15 -> 0.03 | E15: =D15*(273/(273+Paėmimas!O15)*(Paėmimas!H15-Paėmimas!J15)/1013) -> 0.025711684 | G15: =((Paėmimas!Q15/100)*1.965)+((Paėmimas!P15/100)*1.429)+((1-(Paėmimas!Q15/100)-(Paėmimas!P15/100))*1.251) -> 1.29736 | H15: =H2O!K7 -> 6.352173 | I15: =(E15/(1-(H15/1000))*((273+Paėmimas!F15)/273)*(1013/(Paėmimas!H15+Paėmimas!I15))) -> 0.03002307 | J15: =(I15/(Paėmimas!M15*60)/((3.142*((Paėmimas!K15/1000)*(Paėmimas!K15/1000))/4))) -> 4.3335152 | K15: =J15/Paėmimas!G15 -> 1.0353316
D16: =Paėmimas!L16 -> 0.03 | E16: =D16*(273/(273+Paėmimas!O16)*(Paėmimas!H16-Paėmimas!J16)/1013) -> 0.025711684 | G16: =((Paėmimas!Q16/100)*1.965)+((Paėmimas!P16/100)*1.429)+((1-(Paėmimas!Q16/100)-(Paėmimas!P16/100))*1.251) -> 1.29736 | H16: =H2O!K7 -> 6.352173 | I16: =(E16/(1-(H16/1000))*((273+Paėmimas!F16)/273)*(1013/(Paėmimas!H16+Paėmimas!I16))) -> 0.03002307 | J16: =(I16/(Paėmimas!M16*60)/((3.142*((Paėmimas!K16/1000)*(Paėmimas!K16/1000))/4))) -> 4.3335152 | K16: =J16/Paėmimas!G16 -> 1.0353316
D17: =Paėmimas!L17 -> 0.03 | E17: =D17*(273/(273+Paėmimas!O17)*(Paėmimas!H17-Paėmimas!J17)/1013) -> 0.025711684 | G17: =((Paėmimas!Q17/100)*1.965)+((Paėmimas!P17/100)*1.429)+((1-(Paėmimas!Q17/100)-(Paėmimas!P17/100))*1.251) -> 1.29736 | H17: =H2O!K7 -> 6.352173 | I17: =(E17/(1-(H17/1000))*((273+Paėmimas!F17)/273)*(1013/(Paėmimas!H17+Paėmimas!I17))) -> 0.03002307 | J17: =(I17/(Paėmimas!M17*60)/((3.142*((Paėmimas!K17/1000)*(Paėmimas!K17/1000))/4))) -> 4.3335152 | K17: =J17/Paėmimas!G17 -> 1.0353316
D18: =Paėmimas!L18 -> 0.03 | E18: =D18*(273/(273+Paėmimas!O18)*(Paėmimas!H18-Paėmimas!J18)/1013) -> 0.025711684 | G18: =((Paėmimas!Q18/100)*1.965)+((Paėmimas!P18/100)*1.429)+((1-(Paėmimas!Q18/100)-(Paėmimas!P18/100))*1.251) -> 1.29736 | H18: =H2O!K7 -> 6.352173 | I18: =(E18/(1-(H18/1000))*((273+Paėmimas!F18)/273)*(1013/(Paėmimas!H18+Paėmimas!I18))) -> 0.03002307 | J18: =(I18/(Paėmimas!M18*60)/((3.142*((Paėmimas!K18/1000)*(Paėmimas!K18/1000))/4))) -> 4.3335152 | K18: =J18/Paėmimas!G18 -> 1.0353316
D19: =Paėmimas!L19 -> 0.03 | E19: =D19*(273/(273+Paėmimas!O19)*(Paėmimas!H19-Paėmimas!J19)/1013) -> 0.025711684 | G19: =((Paėmimas!Q19/100)*1.965)+((Paėmimas!P19/100)*1.429)+((1-(Paėmimas!Q19/100)-(Paėmimas!P19/100))*1.251) -> 1.29736 | H19: =H2O!K7 -> 6.352173 | I19: =(E19/(1-(H19/1000))*((273+Paėmimas!F19)/273)*(1013/(Paėmimas!H19+Paėmimas!I19))) -> 0.03002307 | J19: =(I19/(Paėmimas!M19*60)/((3.142*((Paėmimas!K19/1000)*(Paėmimas!K19/1000))/4))) -> 4.3335152 | K19: =J19/Paėmimas!G19 -> 1.0353316
D20: =Paėmimas!L20 -> 0.03 | E20: =D20*(273/(273+Paėmimas!O20)*(Paėmimas!H20-Paėmimas!J20)/1013) -> 0.025711684 | G20: =((Paėmimas!Q20/100)*1.965)+((Paėmimas!P20/100)*1.429)+((1-(Paėmimas!Q20/100)-(Paėmimas!P20/100))*1.251) -> 1.29736 | H20: =H2O!K7 -> 6.352173 | I20: =(E20/(1-(H20/1000))*((273+Paėmimas!F20)/273)*(1013/(Paėmimas!H20+Paėmimas!I20))) -> 0.03002307 | J20: =(I20/(Paėmimas!M20*60)/((3.142*((Paėmimas!K20/1000)*(Paėmimas!K20/1000))/4))) -> 4.3335152 | K20: =J20/Paėmimas!G20 -> 1.0353316
D21: =Paėmimas!L21 -> 0.03 | E21: =D21*(273/(273+Paėmimas!O21)*(Paėmimas!H21-Paėmimas!J21)/1013) -> 0.025711684 | G21: =((Paėmimas!Q21/100)*1.965)+((Paėmimas!P21/100)*1.429)+((1-(Paėmimas!Q21/100)-(Paėmimas!P21/100))*1.251) -> 1.29736 | H21: =H2O!K7 -> 6.352173 | I21: =(E21/(1-(H21/1000))*((273+Paėmimas!F21)/273)*(1013/(Paėmimas!H21+Paėmimas!I21))) -> 0.03002307 | J21: =(I21/(Paėmimas!M21*60)/((3.142*((Paėmimas!K21/1000)*(Paėmimas!K21/1000))/4))) -> 4.3335152 | K21: =J21/Paėmimas!G21 -> 1.0353316
D22: =Paėmimas!L22 -> 0.03 | E22: =D22*(273/(273+Paėmimas!O22)*(Paėmimas!H22-Paėmimas!J22)/1013) -> 0.025711684 | G22: =((Paėmimas!Q22/100)*1.965)+((Paėmimas!P22/100)*1.429)+((1-(Paėmimas!Q22/100)-(Paėmimas!P22/100))*1.251) -> 1.29736 | H22: =H2O!K7 -> 6.352173 | I22: =(E22/(1-(H22/1000))*((273+Paėmimas!F22)/273)*(1013/(Paėmimas!H22+Paėmimas!I22))) -> 0.03002307 | J22: =(I22/(Paėmimas!M22*60)/((3.142*((Paėmimas!K22/1000)*(Paėmimas!K22/1000))/4))) -> 4.3335152 | K22: =J22/Paėmimas!G22 -> 1.0353316
G23: =AVERAGE(G6:G22) -> 1.29736 | I23: =SUM(I6:I22) -> 0.51039219
G24: Vidurkis qn, (kg/m3) | I24: Suma Vmk (m3)
D299: Įvestiniai duomenys
D300: Suskaičiuoti duomenys

Sheet Koncentracija 
C1: EFSVPATD/3-3-3 AAA Aplinkos tyrimų departamentas
A2: Skaičiuoklė kietųjų dalelių koncentracijai nustatyti. Kietųjų dalelių koncentracijos nustatymas
A5: Matavimo data | B5: Ėminių registracijos Nr. T-107-2026-E- | C5: Objekto pavadinimas, adresas, taršos šaltinio Nr. | D5: Filtro Nr. | E5: Filtro svoris prieš KD ėmimą mpr (g) | F5: Filtro svoris po KD ėmimo mpo (g) | G5: Tuščiojo ėminio KD svoris mt (g) | H5: Nuosėdų kiekis mn (g) | I5: Indų svorių pokytis mIt (g) | J5: Sausų dujų tūris n.s. Vmn (Nm3) | K5: Kietų dalelių koncentracija c1 (neįvert. O2) (mg/Nm3) | L5: Tuščiojo filtro vertė mft (mg/m3) (< 2 mg/m3) | M5: Surinktų dulkių ir tuščiojo ėminio santykis mFtk (>5) | N5: Skaičiavimus atlikusio asmens inicialai, data | O5: Filtrų skaičius Fsk (vnt.) | P5: Pastabos
A6: =Paėmimas!A6 -> XXXX-XX-XX | B6: =Svėrimas!A6 -> XX | C6: =Paėmimas!C6 -> XXXX | D6: =Svėrimas!C6 -> 1 | E6: =Svėrimas!G6 -> 4.0517 | F6: =Svėrimas!L6 -> 4.0567 | G6: =Svėrimas!M9 -> 0.0001 | H6: =Svėrimas!M11/O6 -> 0.0001 | I6: =Svėrimas!M16 -> 0 | J6: =Aerodinamika!F6 -> 0.43709864 | K6: =((F6-E6-G6+H6+I6)/J6)*1000 -> 11.439066 | L6: =G6/Paėmimas!L23*1000 -> 0.19607843 | M6: =((F6-E6)+H6)/G6 -> 51 | N6: =Svėrimas!N6 -> XX | O6: 1 | P6: =Paėmimas!S6 -> 1 linija, 1 filtras

Sheet Svėrimas
C1: FSVPATD/3-3-4 AAA Aplinkos tyrimų departamentas
A2: Skaičiuoklė kietųjų dalelių koncentracijai nustatyti. Svėrimas
A4: Ėminių registracijos Nr. T-107-2026-E- | B4: Objekto pavadinimas, adresas, taršos šaltinio Nr. | C4: Filtro/ indo Nr. | D4: Tuščio filtro/indo svėrimo data | E4: Filtro/indo svoris prieš KD ėmimą mpr (g) | H4: Atsakingo asmens inicialai, data | I4: Filtro/indo su ėminiu svėrimo data | J4: Filtro/indo svoris po KD ėmimo mpo (g) | M4: Kietųjų dalelių svoris mf/Svorių pokytis (g) (<2,20 g filtro talpumas) | N4: Atsakingo asmens inicialai, data | O4: Pastabos
E5: 1 | F5: 2 | G5: 3 | J5: 1 | K5: 2 | L5: 3
A6: =Paėmimas!B6 -> XX | B6: =Paėmimas!C6 -> XXXX | C6: 1 | D6: =Paėmimas!A6 -> XXXX-XX-XX | E6: 4.0517 | F6: 4.0517 | G6: 4.0517 | H6: =Paėmimas!R6 -> XX | I6: XXXX-XX-XX | J6: 4.0567 | K6: 4.0567 | L6: 4.0567 | M6: =L6-G6 -> 0.005 | N6: XX | O6: =Paėmimas!S6 -> 1 linija, 1 filtras
M7: =L7-G7 -> 0
M8: =L8-G8 -> 0
C9: 2 | E9: 3.7018 | F9: 3.7018 | G9: 3.7018 | J9: 3.7019 | K9: 3.7019 | L9: 3.7019 | M9: =L9-G9 -> 0.0001 | O9: Tuščiasis ėminys (mt)
C11: 41 | E11: 56.4998 | F11: 56.4998 | G11: 56.4998 | J11: 56.4999 | K11: 56.4999 | L11: 56.4999 | M11: =L11-G11 -> 0.0001 | O11: Išplautos nuosėdos (mn)
C12: 00 | E12: 49.8388 | F12: 49.8388 | G12: 49.8388 | J12: 49.8388 | K12: 49.8388 | L12: 49.8388 | M12: =L12-G12 -> 0 | O12: Išvalytos ėminių sistemos tuščiasis ėminys (mIt)
C13: 01 | E13: 54.7893 | F13: 54.7893 | G13: 54.7893 | J13: 54.7894 | K13: 54.7894 | L13: 54.7894 | M13: =L13-G13 -> 0.0001 | O13: Tušti indai svorio kontrolei (mIt1)
C14: 02 | E14: 57.3979 | F14: 57.3979 | G14: 57.3979 | J14: 57.3978 | K14: 57.3978 | L14: 57.3978 | M14: =L14-G14 -> -0.0001 | O14: Tušti indai svorio kontrolei (mIt2)
C15: 03 | E15: 53.9279 | F15: 53.9279 | G15: 53.9279 | J15: 53.9279 | K15: 53.9279 | L15: 53.9279 | M15: =L15-G15 -> 0 | O15: Tušti indai svorio kontrolei (mIt3)
M16: =AVERAGE(M13:M15)+M12 -> 0 | O16: Tuščių indų ir išvalytos ėminių sistemos tuščiojo ėminio svorio pokytis (mItp)

Sheet Koncentracijos ribinės vertės
A3: Patikrinimas, ar planuojamas surinkti dulkių kiekis suderinamas su tuščiojo ėminio verte ir ar filtras nebus per daug apkrautas
A5: Planuojama surinkti dulkių masė m, g (<2,20 g) | B5: Mažiausia ėminio ėmimo trukmė t, 30 min | C5: Tikėtina dulkių koncentracija cexs, mg/Nm3; | D5: Planuojamas dujų tūrio siurbimo greitis matavimo metu ortakio sąlygomis Vo, l/min.
A6: =(B6*C6*D6)/1000000 -> 1.944 | B6: 30 | C6: 5400 | D6: 12
