Workbook

Sheet Greitis
A3: Debitas pagal matuotą diferencinį slėgį
A5: Matavimo data | B5: Ėminių registracijos Nr. T-107-2026-E- | C5: Objekto pavadinimas, adresas, taršos šaltinio Nr. | D5: Matavimo taškai ortakyje nuo vidinės sienelės, cm | E5: Išmatuotas diferencinis slėgis taškuose 1 linija, Pdi, hPa | F5: Išmatuotas diferencinis slėgis taškuose 2 linija, Pdi, hPa | G5: Pito vamzdelio koeficientas, K | H5: Temperatūra ortakyje t, oC | I5: Atmosferinis slėgis P, hPa | J5: Statinis slėgis ortakyje ± ΔP, hPa | K5: Dujų slėgis kamine Pk= P+ ΔP, hPa | L5: Dujų mol. masė Ms= qn *22.4, kg/ | M5: Dujų srauto greitis matavimo taškuose, 1 linija, wi = K*129 *√t *√Pdi/ √Pk/√Ms, m/s | N5: Dujų srauto greitis matavimo taškuose, 2 linija, wi = K*129 *√t *√Pdi/ √Pk/√Ms, m/s | O5: Vidutinis dujų srauto greitis ortakyje w, m/s | P5: Ortakio diametras, matmenys, m | Q5: Ortakio skerspjūvio plotas F, m2 | R5: Dujų tūrio debitas realiomis sąlygomis Vk = wvid × F, m3/s | S5: Dujų tūrio debitas normaliosiomis sąlygomis Vdr n.s =Vk *0,269*(P±ΔP)/(273+t), m3/s | T5: Vandens kondensato masė m H2O, kg | U5: Vandens garų konc. dujose x=mH2O/Vmn*qn, kg/kg | V5: Sausų dujų tūrio debitas normaliosiomis sąlygomis Vn= Vdr n.s *((1/(1+(x*qn/0.8038))) | W5: Prasiurbtas dujų tūris normaliosiomis sąlygomis Vmn, Nm3 | X5: Išplėstinės neapibrėžties koef. A | Y5: Išplėstinė neapibrėžtis (dujų tūrio debitas) Uv | Z5: Išplėstinė neapibrėžtis (dujų srauto greitis) Uw | AA5: Sausų dujų tankis normaliosioms sąlygomis qn, (kg/m3) | AB5: Skaičiavimus atliko (inicialai, data)
A6: 2026-02-10 | B6: 5 | C6: UAB "Ekopartneris", L. Ivinskio g. 65, Kaunas. Katilinė. Taršos šaltinis Nr. 001 | D6: 5 | E6: 0.73 | F6: 0.61 | G6: 0.827 | H6: ='Paėmimas'!$V$9 | I6: 1012 | J6: 0.35 | K6: =I6+J6 | L6: =AA6*22.4 | M6: =G6*129*(SQRT(E6*(273+H6)/(I6+J6)/L6)) | N6: =G6*129*(SQRT(F6*(273+H6)/(I6+J6)/L6)) | O6: =AVERAGE(M6,M7,M8,M9,M10,M11,M12,N6,N7,N8,N9,N10,N11,N12) | P6: 1,20 | Q6: =(P6^2*3.14)/4 | R6: =$O$6*Q6 | S6: =R6*0.269*($I$6+$J$6)/(273+$H$6) | T6: ='H2O'!I7 | U6: =T6/(1.29*W6) | V6: =S6*(1/(1+(U6*1.29/0.8038))) | W6: ='H2O'!H7 | X6: 0.079 | Y6: =V6*$X$6 | Z6: =$O$6*X6 | AA6: ='Aerodinamika'!G27 | AB6: S. Č., 2026-02-10
D7: 16 | E7: 0.87 | F7: 0.76 | G7: 0.827 | H7: ='Paėmimas'!$V$9 | I7: 1012 | J7: 0.35 | K7: =I7+J7 | L7: =AA6*22.4 | M7: =G6*129*(SQRT(E7*(273+H7)/(I7+J7)/L7)) | N7: =G6*129*(SQRT(F7*(273+H7)/(I7+J7)/L7)) | R7: =$O$6*Q7 | S7: =R7*0.269*($I$6+$J$6)/(273+$H$6) | T7: ='H2O'!I7 | U7: =T7/(1.29*W7) | V7: =S7*(1/(1+(U7*1.29/0.8038))) | W7: ='H2O'!H7 | X7: 0.079 | Y7: =V7*$X$6 | Z7: =$O$6*X7
D8: 31 | E8: 0.94 | F8: 0.78 | G8: 0.827 | H8: ='Paėmimas'!$V$9 | I8: 1012 | J8: 0.35 | K8: =I8+J8 | L8: =AA6*22.4 | M8: =G6*129*(SQRT(E8*(273+H8)/(I8+J8)/L8)) | N8: =G6*129*(SQRT(F8*(273+H8)/(I8+J8)/L8))
D9: 60 | E9: 0.92 | F9: 0.87 | G9: 0.827 | H9: ='Paėmimas'!$V$9 | I9: 1012 | J9: 0.35 | K9: =I9+J9 | L9: =AA6*22.4 | M9: =G6*129*(SQRT(E9*(273+H9)/(I9+J9)/L9)) | N9: =G6*129*(SQRT(F9*(273+H9)/(I9+J9)/L9))
D10: 89 | E10: 0.86 | F10: 0.82 | G10: 0.827 | H10: ='Paėmimas'!$V$9 | I10: 1012 | J10: 0.35 | K10: =I10+J10 | L10: =AA6*22.4 | M10: =G6*129*(SQRT(E10*(273+H10)/(I10+J10)/L10)) | N10: =G6*129*(SQRT(F10*(273+H10)/(I10+J10)/L10))
D11: 104 | E11: 0.77 | F11: 0.81 | G11: 0.827 | H11: ='Paėmimas'!$V$9 | I11: 1012 | J11: 0.35 | K11: =I11+J11 | L11: =AA6*22.4 | M11: =G6*129*(SQRT(E11*(273+H11)/(I11+J11)/L11)) | N11: =G6*129*(SQRT(F11*(273+H11)/(I11+J11)/L11))
D12: 115 | E12: 0.7 | F12: 0.75 | G12: 0.827 | H12: ='Paėmimas'!$V$9 | I12: 1012 | J12: 0.35 | K12: =I12+J12 | L12: =AA6*22.4 | M12: =G6*129*(SQRT(E12*(273+H12)/(I12+J12)/L12)) | N12: =G6*129*(SQRT(F12*(273+H12)/(I12+J12)/L12))
D14: RPU*** | E14: Kai bus 2 linijos, RPU*** yra 2 linijos vidurinis taškas

Sheet H2O
A3: Skaičiuoklė kietųjų dalelių koncentracijai nustatyti. H2O skaičiavimas
B5: Ėminių ėmimo laikas t, min. | C5: Paėmimo greitis, l/min | D5: Atmosferinis slėgis, hPa | E5: Išretėjimas, -hPa | F5: Temperatūra prie aspiratoriaus, Vtr oC | G5: Dujų tūris normaliomis sąlygomis, Vn l. | H5: Prasiurbtas dujų tūris normaliosiomis sąlygomis Vmn, Nm3 | I5: Vandens kondensato masė m H2O, kg | J5: Sausų dujų tankis normaliosioms sąlygomis qn (kg/m3) | K5: Drėgmės kiekis X (%) (izokinetinei sistemai) | L5: Pastabos
A7: TŠ 001 H2O | B7: 10 | C7: 10 | D7: 1012 | E7: 27.2 | F7: 12.7 | G7: =+(D7-E7)*B7*C7*0.27/(273+F7) | H7: =G7/1000 | I7: 0.015 | J7: =Aerodinamika!G27 | K7: =(100*((I7/(H7*J7))/0.8038))/(((I7/(H7*J7))/0.8038)+(1/J7))

Sheet Paėmimas
A2: Skaičiuoklė kietųjų dalelių koncentracijai nustatyti. Pradinių duomenų nustatymas
A5: Matavimo data | B5: Ėminių registracijos Nr. T-107-2026-E- | C5: Objekto pavadinimas, adresas, taršos šaltinio Nr. | D5: Ortakio skersmuo d, m | E5: Skerspjūvio plotas A (m2) | F5: Temperatūra ortakyje tor (°C) | G5: Srauto greitis ortakyje wor (m/s) | H5: Atmosferinis slėgis P (hPa) | I5: Statinis slėgis ortakyje ΔPor (hPa) | J5: Slėgis prieš rotametrą ΔPr (±hPa) | K5: Antgalio diametras da (mm) | L5: Prasiurbtas dujų tūris Vm (m3) | M5: Siurbimo laikas t (min) | N5: Siurbimo greitis Vo (l/min) | O5: Siurbiamų dujų temperatūra prieš rotametrą tr (°C) | P5: O2iš (%) (ore 21 %) | Q5: CO2iš (%) (ore 0,04 %) | R5: Darbuotojo inicialai, data | S5: Pastabos | T5: Išmatuota O2 koncentracija (%) | U5: Išmatuota CO2 koncentracija (%) | V5: Temperatūra ortakyje tor (°C) | X5: Išmatuotas diferencinis slėgis taškuose, Pdi, hPa | Y5: Izokinetiškumas (0,95-1,15)
A6: 2026-02-10 | B6: 5 | C6: UAB "Ekopartneris", L. Ivinskio g. 65, Kaunas. Katilinė. Taršos šaltinis Nr. 001 | D6: 1,20 | E6: =Greitis!Q6 | F6: ='Paėmimas'!$V$9 | G6: ='Greitis'!M6 | H6: ='Greitis'!I6 | I6: ='Greitis'!J6 | J6: 58.6 | K6: 6 | L6: =M6*N6/1000 | M6: 3 | N6: 15 | O6: 13.4 | P6: ='Paėmimas'!$T$9 | Q6: ='Paėmimas'!$U$9 | R6: S. Č., 2026-02-10 | S6: 1 filtras, 1 linija | T6: 7.92 | U6: 7.41 | V6: 63.1 | X6: 0.73
F7: ='Paėmimas'!$V$9 | G7: ='Greitis'!M7 | H7: =$H$6 | I7: =$I$6 | J7: 72.4 | K7: 6 | L7: =M7*N7/1000 | M7: 3 | N7: 16 | O7: 12.9 | P7: ='Paėmimas'!$T$9 | Q7: ='Paėmimas'!$U$9 | T7: 7.94 | U7: 7.4 | V7: 62.7 | X7: 0.87
F8: ='Paėmimas'!$V$9 | G8: ='Greitis'!M8 | H8: =$H$6 | I8: =$I$6 | J8: 72.7 | K8: 6 | L8: =M8*N8/1000 | M8: 3 | N8: 16 | O8: 12.8 | P8: ='Paėmimas'!$T$9 | Q8: ='Paėmimas'!$U$9 | T8: 7.96 | U8: 7.39 | V8: 63.3 | X8: 0.94
F9: ='Paėmimas'!$V$9 | G9: ='Greitis'!M9 | H9: =$H$6 | I9: =$I$6 | J9: 73.9 | K9: 6 | L9: =M9*N9/1000 | M9: 3 | N9: 16 | O9: 12.9 | P9: ='Paėmimas'!$T$9 | Q9: ='Paėmimas'!$U$9 | T9: =AVERAGE(T6:T8) | U9: =AVERAGE(U6:U8) | V9: =AVERAGE(V6:V8) | X9: 0.92
F10: ='Paėmimas'!$V$9 | G10: ='Greitis'!M10 | H10: =$H$6 | I10: =$I$6 | J10: 75.1 | K10: 6 | L10: =M10*N10/1000 | M10: 3 | N10: 16 | O10: 13.1 | P10: ='Paėmimas'!$T$9 | Q10: ='Paėmimas'!$U$9 | T10: O2iš, (%) vidurkis | U10: CO2iš, (%) vidurkis | V10: tor vidurkis, °C | X10: 0.86
F11: ='Paėmimas'!$V$9 | G11: ='Greitis'!M11 | H11: =$H$6 | I11: =$I$6 | J11: 67.5 | K11: 6 | L11: =M11*N11/1000 | M11: 3 | N11: 15 | O11: 13.2 | P11: ='Paėmimas'!$T$9 | Q11: ='Paėmimas'!$U$9 | X11: 0.77
F12: ='Paėmimas'!$V$9 | G12: ='Greitis'!M12 | H12: =$H$6 | I12: =$I$6 | J12: 62.4 | K12: 6 | L12: =M12*N12/1000 | M12: 3 | N12: 14 | O12: 13.4 | P12: ='Paėmimas'!$T$9 | Q12: ='Paėmimas'!$U$9 | X12: 0.7
L13: =SUM(L6:L12) | M13: =SUM(M6:M12) | N13: =AVERAGE(N6:N12)
L14: Suma Vm, m3 | M14: Suma t, min | N14: Vidurkis Vo (l/min)
A17: 2026-02-10 | B17: 5 | C17: UAB "Ekopartneris", L. Ivinskio g. 65, Kaunas. Katilinė. Taršos šaltinis Nr. 001 | D17: =$D$6 | E17: =$E$6 | F17: ='Paėmimas'!$V$9 | G17: ='Greitis'!N6 | H17: =$H$6 | I17: =$I$6 | J17: 62.6 | K17: 6 | L17: =M17*N17/1000 | M17: 3 | N17: 13 | O17: 13.7 | P17: ='Paėmimas'!$T$9 | Q17: ='Paėmimas'!$U$9 | R17: S. Č., 2026-02-10 | S17: 1 filtras, 2 linija | X17: 0.61
F18: ='Paėmimas'!$V$9 | G18: ='Greitis'!N7 | H18: =$H$6 | I18: =$I$6 | J18: 67.6 | K18: 6 | L18: =M18*N18/1000 | M18: 3 | N18: 15 | O18: 13.8 | P18: ='Paėmimas'!$T$9 | Q18: ='Paėmimas'!$U$9 | X18: 0.76
F19: ='Paėmimas'!$V$9 | G19: ='Greitis'!N8 | H19: =$H$6 | I19: =$I$6 | J19: 67.9 | K19: 6 | L19: =M19*N19/1000 | M19: 3 | N19: 15 | O19: 13.8 | P19: ='Paėmimas'!$T$9 | Q19: ='Paėmimas'!$U$9 | X19: 0.78
F20: ='Paėmimas'!$V$9 | G20: ='Greitis'!N9 | H20: =$H$6 | I20: =$I$6 | J20: 76.2 | K20: 6 | L20: =M20*N20/1000 | M20: 3 | N20: 16 | O20: 13.7 | P20: ='Paėmimas'!$T$9 | Q20: ='Paėmimas'!$U$9 | X20: 0.87
F21: ='Paėmimas'!$V$9 | G21: ='Greitis'!N10 | H21: =$H$6 | I21: =$I$6 | J21: 69.8 | K21: 6 | L21: =M21*N21/1000 | M21: 3 | N21: 16 | O21: 13.7 | P21: ='Paėmimas'!$T$9 | Q21: ='Paėmimas'!$U$9 | X21: 0.82
F22: ='Paėmimas'!$V$9 | G22: ='Greitis'!N11 | H22: =$H$6 | I22: =$I$6 | J22: 70.4 | K22: 6 | L22: =M22*N22/1000 | M22: 3 | N22: 16 | O22: 13.6 | P22: ='Paėmimas'!$T$9 | Q22: ='Paėmimas'!$U$9 | X22: 0.81
F23: ='Paėmimas'!$V$9 | G23: ='Greitis'!N12 | H23: =$H$6 | I23: =$I$6 | J23: 70.7 | K23: 6 | L23: =M23*N23/1000 | M23: 3 | N23: 15 | O23: 13.7 | P23: ='Paėmimas'!$T$9 | Q23: ='Paėmimas'!$U$9 | X23: 0.75
L24: =SUM(L17:L23) | M24: =SUM(M17:M23) | N24: =AVERAGE(N17:N23)
L25: Suma Vm, m3 | M25: Suma t, min | N25: Vidurkis Vo (l/min)
M27: =SUM(M13,M24) | N27: =AVERAGE(N13,N24)
M28: Viso suma t, min | N28: Vidurkių vidurkis Vo vid (l/min)

Sheet Aerodinamika
A2: Skaičiuoklė kietųjų dalelių koncentracijai nustatyti. Izokinetiškumo nustatymas
A5: Matavimo data | B5: Ėminių registracijos Nr. T-107-2026-E- | C5: Objekto pavadinimas, adresas, taršos šaltinio Nr. | D5: Prasiurbtas dujų tūris Vm (m3) | E5: Prasiurbtas dujų tūris normaliosiomis sąlygomis Vmn (Nm3) | F5: Prasiurbto dujų tūrio normaliosiomis sąlygomis suma Vmn(sum) (Nm3) | G5: Sausų dujų tankis normaliosioms sąlygomis qn (kg/m3) | H5: Drėgmės kiekis X (%) | I5: Pratrauktas drėgnų dujų tūris realiomis sąlygomis Vmk (m3) | J5: Dujų srauto greitis antgalyje v antg. (m/s) | K5: Izokinetiškumas (0,95-1,15) | L5: Izokinetiškumo vidurkis (0,95-1,15) | M5: Skaičiavimus atlikusio asmens inicialai, data | N5: Pastabos
A6: 2026-02-10 | B6: 5 | C6: UAB "Ekopartneris", L. Ivinskio g. 65, Kaunas. Katilinė. Taršos šaltinis Nr. 001 | D6: ='Paėmimas'!L6 | E6: =D6*(273/(273+'Paėmimas'!O6)*('Paėmimas'!H6-'Paėmimas'!J6)/1013) | F6: =SUM(E6:E12) | G6: =(('Paėmimas'!Q6/100)*1.965)+(('Paėmimas'!P6/100)*1.429)+((1-('Paėmimas'!Q6/100)-('Paėmimas'!P6/100))*1.251) | H6: ='H2O'!K7 | I6: =(E6/(1-(H6/1000))*((273+'Paėmimas'!F6)/273)*(1013/('Paėmimas'!H6+'Paėmimas'!I6))) | J6: =(I6/('Paėmimas'!M6*60)/((3.142*(('Paėmimas'!K6/1000)*('Paėmimas'!K6/1000))/4))) | K6: =J6/Paėmimas!G6 | L6: =AVERAGE(K6:K12) | M6: S. Č., 2026-02-10 | N6: 1 linija, 1 filtras
D7: ='Paėmimas'!L7 | E7: =D7*(273/(273+'Paėmimas'!O7)*('Paėmimas'!H7-'Paėmimas'!J7)/1013) | G7: =(('Paėmimas'!Q7/100)*1.965)+(('Paėmimas'!P7/100)*1.429)+((1-('Paėmimas'!Q7/100)-('Paėmimas'!P7/100))*1.251) | H7: ='H2O'!K7 | I7: =(E7/(1-(H7/1000))*((273+'Paėmimas'!F7)/273)*(1013/('Paėmimas'!H7+'Paėmimas'!I7))) | J7: =(I7/('Paėmimas'!M7*60)/((3.142*(('Paėmimas'!K7/1000)*('Paėmimas'!K7/1000))/4))) | K7: =J7/Paėmimas!G7
D8: ='Paėmimas'!L8 | E8: =D8*(273/(273+'Paėmimas'!O8)*('Paėmimas'!H8-'Paėmimas'!J8)/1013) | G8: =(('Paėmimas'!Q8/100)*1.965)+(('Paėmimas'!P8/100)*1.429)+((1-('Paėmimas'!Q8/100)-('Paėmimas'!P8/100))*1.251) | H8: ='H2O'!K7 | I8: =(E8/(1-(H8/1000))*((273+'Paėmimas'!F8)/273)*(1013/('Paėmimas'!H8+'Paėmimas'!I8))) | J8: =(I8/('Paėmimas'!M8*60)/((3.142*(('Paėmimas'!K8/1000)*('Paėmimas'!K8/1000))/4))) | K8: =J8/Paėmimas!G8
D9: ='Paėmimas'!L9 | E9: =D9*(273/(273+'Paėmimas'!O9)*('Paėmimas'!H9-'Paėmimas'!J9)/1013) | G9: =(('Paėmimas'!Q9/100)*1.965)+(('Paėmimas'!P9/100)*1.429)+((1-('Paėmimas'!Q9/100)-('Paėmimas'!P9/100))*1.251) | H9: ='H2O'!K7 | I9: =(E9/(1-(H9/1000))*((273+'Paėmimas'!F9)/273)*(1013/('Paėmimas'!H9+'Paėmimas'!I9))) | J9: =(I9/('Paėmimas'!M9*60)/((3.142*(('Paėmimas'!K9/1000)*('Paėmimas'!K9/1000))/4))) | K9: =J9/Paėmimas!G9
D10: ='Paėmimas'!L10 | E10: =D10*(273/(273+'Paėmimas'!O10)*('Paėmimas'!H10-'Paėmimas'!J10)/1013) | G10: =(('Paėmimas'!Q10/100)*1.965)+(('Paėmimas'!P10/100)*1.429)+((1-('Paėmimas'!Q10/100)-('Paėmimas'!P10/100))*1.251) | H10: ='H2O'!K7 | I10: =(E10/(1-(H10/1000))*((273+'Paėmimas'!F10)/273)*(1013/('Paėmimas'!H10+'Paėmimas'!I10))) | J10: =(I10/('Paėmimas'!M10*60)/((3.142*(('Paėmimas'!K10/1000)*('Paėmimas'!K10/1000))/4))) | K10: =J10/Paėmimas!G10
D11: ='Paėmimas'!L11 | E11: =D11*(273/(273+'Paėmimas'!O11)*('Paėmimas'!H11-'Paėmimas'!J11)/1013) | G11: =(('Paėmimas'!Q11/100)*1.965)+(('Paėmimas'!P11/100)*1.429)+((1-('Paėmimas'!Q11/100)-('Paėmimas'!P11/100))*1.251) | H11: ='H2O'!K7 | I11: =(E11/(1-(H11/1000))*((273+'Paėmimas'!F11)/273)*(1013/('Paėmimas'!H11+'Paėmimas'!I11))) | J11: =(I11/('Paėmimas'!M11*60)/((3.142*(('Paėmimas'!K11/1000)*('Paėmimas'!K11/1000))/4))) | K11: =J11/Paėmimas!G11
D12: ='Paėmimas'!L12 | E12: =D12*(273/(273+'Paėmimas'!O12)*('Paėmimas'!H12-'Paėmimas'!J12)/1013) | G12: =(('Paėmimas'!Q12/100)*1.965)+(('Paėmimas'!P12/100)*1.429)+((1-('Paėmimas'!Q12/100)-('Paėmimas'!P12/100))*1.251) | H12: ='H2O'!K7 | I12: =(E12/(1-(H12/1000))*((273+'Paėmimas'!F12)/273)*(1013/('Paėmimas'!H12+'Paėmimas'!I12))) | J12: =(I12/('Paėmimas'!M12*60)/((3.142*(('Paėmimas'!K12/1000)*('Paėmimas'!K12/1000))/4))) | K12: =J12/Paėmimas!G12
G13: =AVERAGE(G6:G12) | I13: =SUM(I6:I12)
G14: Vidurkis qn, (kg/m3) | I14: Suma Vmk (m3)
A17: 2026-02-10 | B17: 5 | C17: UAB "Ekopartneris", L. Ivinskio g. 65, Kaunas. Katilinė. Taršos šaltinis Nr. 001 | D17: ='Paėmimas'!L17 | E17: =D17*(273/(273+'Paėmimas'!O17)*('Paėmimas'!H17-'Paėmimas'!J17)/1013) | F17: =SUM(E17:E23) | G17: =(('Paėmimas'!Q17/100)*1.965)+(('Paėmimas'!P17/100)*1.429)+((1-('Paėmimas'!Q17/100)-('Paėmimas'!P17/100))*1.251) | H17: ='H2O'!K7 | I17: =(E17/(1-(H17/1000))*((273+'Paėmimas'!F17)/273)*(1013/('Paėmimas'!H17+'Paėmimas'!I17))) | J17: =(I17/('Paėmimas'!M17*60)/((3.142*(('Paėmimas'!K17/1000)*('Paėmimas'!K17/1000))/4))) | K17: =J17/Paėmimas!G17 | L17: =AVERAGE(K17:K23) | M17: S. Č., 2026-02-10 | N17: 2 linijos, 1 filtras
D18: ='Paėmimas'!L18 | E18: =D18*(273/(273+'Paėmimas'!O18)*('Paėmimas'!H18-'Paėmimas'!J18)/1013) | G18: =(('Paėmimas'!Q18/100)*1.965)+(('Paėmimas'!P18/100)*1.429)+((1-('Paėmimas'!Q18/100)-('Paėmimas'!P18/100))*1.251) | H18: ='H2O'!K7 | I18: =(E18/(1-(H18/1000))*((273+'Paėmimas'!F18)/273)*(1013/('Paėmimas'!H18+'Paėmimas'!I18))) | J18: =(I18/('Paėmimas'!M18*60)/((3.142*(('Paėmimas'!K18/1000)*('Paėmimas'!K18/1000))/4))) | K18: =J18/Paėmimas!G18
D19: ='Paėmimas'!L19 | E19: =D19*(273/(273+'Paėmimas'!O19)*('Paėmimas'!H19-'Paėmimas'!J19)/1013) | G19: =(('Paėmimas'!Q19/100)*1.965)+(('Paėmimas'!P19/100)*1.429)+((1-('Paėmimas'!Q19/100)-('Paėmimas'!P19/100))*1.251) | H19: ='H2O'!K7 | I19: =(E19/(1-(H19/1000))*((273+'Paėmimas'!F19)/273)*(1013/('Paėmimas'!H19+'Paėmimas'!I19))) | J19: =(I19/('Paėmimas'!M19*60)/((3.142*(('Paėmimas'!K19/1000)*('Paėmimas'!K19/1000))/4))) | K19: =J19/Paėmimas!G19
D20: ='Paėmimas'!L20 | E20: =D20*(273/(273+'Paėmimas'!O20)*('Paėmimas'!H20-'Paėmimas'!J20)/1013) | G20: =(('Paėmimas'!Q20/100)*1.965)+(('Paėmimas'!P20/100)*1.429)+((1-('Paėmimas'!Q20/100)-('Paėmimas'!P20/100))*1.251) | H20: ='H2O'!K7 | I20: =(E20/(1-(H20/1000))*((273+'Paėmimas'!F20)/273)*(1013/('Paėmimas'!H20+'Paėmimas'!I20))) | J20: =(I20/('Paėmimas'!M20*60)/((3.142*(('Paėmimas'!K20/1000)*('Paėmimas'!K20/1000))/4))) | K20: =J20/Paėmimas!G20
D21: ='Paėmimas'!L21 | E21: =D21*(273/(273+'Paėmimas'!O21)*('Paėmimas'!H21-'Paėmimas'!J21)/1013) | G21: =(('Paėmimas'!Q21/100)*1.965)+(('Paėmimas'!P21/100)*1.429)+((1-('Paėmimas'!Q21/100)-('Paėmimas'!P21/100))*1.251) | H21: ='H2O'!K7 | I21: =(E21/(1-(H21/1000))*((273+'Paėmimas'!F21)/273)*(1013/('Paėmimas'!H21+'Paėmimas'!I21))) | J21: =(I21/('Paėmimas'!M21*60)/((3.142*(('Paėmimas'!K21/1000)*('Paėmimas'!K21/1000))/4))) | K21: =J21/Paėmimas!G21
D22: ='Paėmimas'!L22 | E22: =D22*(273/(273+'Paėmimas'!O22)*('Paėmimas'!H22-'Paėmimas'!J22)/1013) | G22: =(('Paėmimas'!Q22/100)*1.965)+(('Paėmimas'!P22/100)*1.429)+((1-('Paėmimas'!Q22/100)-('Paėmimas'!P22/100))*1.251) | H22: ='H2O'!K7 | I22: =(E22/(1-(H22/1000))*((273+'Paėmimas'!F22)/273)*(1013/('Paėmimas'!H22+'Paėmimas'!I22))) | J22: =(I22/('Paėmimas'!M22*60)/((3.142*(('Paėmimas'!K22/1000)*('Paėmimas'!K22/1000))/4))) | K22: =J22/Paėmimas!G22
D23: ='Paėmimas'!L23 | E23: =D23*(273/(273+'Paėmimas'!O23)*('Paėmimas'!H23-'Paėmimas'!J23)/1013) | G23: =(('Paėmimas'!Q23/100)*1.965)+(('Paėmimas'!P23/100)*1.429)+((1-('Paėmimas'!Q23/100)-('Paėmimas'!P23/100))*1.251) | H23: ='H2O'!K7 | I23: =(E23/(1-(H23/1000))*((273+'Paėmimas'!F23)/273)*(1013/('Paėmimas'!H23+'Paėmimas'!I23))) | J23: =(I23/('Paėmimas'!M23*60)/((3.142*(('Paėmimas'!K23/1000)*('Paėmimas'!K23/1000))/4))) | K23: =J23/Paėmimas!G23
F24: =SUM(F6,F17) | G24: =AVERAGE(G17:G23) | I24: =SUM(I17:I23) | L24: =AVERAGE(L6,L17)
F25: Viso suma Vmn(sum), Nm3. | G25: Vidurkis qn, (kg/m3) | I25: Suma Vmk (m3) | L25: Izokinetiškumo vidurkių vidurkis
G27: =AVERAGE(G13,G24) | I27: =I13+I24
G28: Vidurkių vidurkis qn, (kg/m3) | I28: Viso suma Vmk(sum), m3.

Sheet Koncentracija
A2: Skaičiuoklė kietųjų dalelių koncentracijai nustatyti. Kietųjų dalelių koncentracijos nustatymas
A5: Matavimo data | B5: Ėminių registracijos Nr. T-107-2026-E- | C5: Objekto pavadinimas, adresas, taršos šaltinio Nr. | D5: Filtro Nr. | E5: Filtro svoris prieš KD ėmimą mpr (g) | F5: Filtro svoris po KD ėmimo mpo (g) | G5: Tuščiojo ėminio KD svoris mt (g) | H5: Nuosėdų kiekis mn (g) | I5: Indų svorių pokytis mIt (g) | J5: Sausų dujų tūris n.s. Vmn (Nm3) | K5: Kietų dalelių koncentracija c1 (neįvert. O2) (mg/Nm3) | L5: Tuščiojo filtro vertė mft (mg/m3) (< 2 mg/m3) | M5: Surinktų dulkių ir tuščiojo ėminio santykis mFtk (>5) | N5: Skaičiavimus atlikusio asmens inicialai, data | O5: Filtrų skaičius Fsk (vnt.) | P5: Pastabos
A6: 2026-02-10 | B6: 5 | C6: UAB "Ekopartneris", L. Ivinskio g. 65, Kaunas. Katilinė. Taršos šaltinis Nr. 001 | N6: S. Č., 2026-02-10 | O6: 1 | P6: 2 linijos, 1 filtras

Sheet Svėrimas
A2: Skaičiuoklė kietųjų dalelių koncentracijai nustatyti. Svėrimas
A4: Ėminių registracijos Nr. T-107-2026-E- | B4: Objekto pavadinimas, adresas, taršos šaltinio Nr. | C4: Filtro/ indo Nr. | D4: Tuščio filtro/indo svėrimo data | E4: Filtro/indo svoris prieš KD ėmimą mpr (g) | H4: Atsakingo asmens inicialai, data | I4: Filtro/indo su ėminiu svėrimo data | J4: Filtro/indo svoris po KD ėmimo mpo (g) | M4: Kietųjų dalelių svoris mf/Svorių pokytis (g) (<2,00 g filtro talpumas) | N4: Atsakingo asmens inicialai, data | O4: Pastabos
E5: 1 | F5: 2 | G5: 3 | J5: 1 | K5: 2 | L5: 3
A6: 5 | B6: UAB "Ekopartneris", L. Ivinskio g. 65, Kaunas. Katilinė. Taršos šaltinis Nr. 001 | C6: 1 | H6: S. Č., 2026-02-10 | O6: 2 linijos, 1 filtras
C9: 2 | O9: Tuščiasis ėminys (mt)
C11: 41 | O11: Išplautos nuosėdos (mn)
C12: 00 | O12: Išvalytos ėminių sistemos tuščiasis ėminys (mIt)
C13: 01 | O13: Tušti indai svorio kontrolei (mIt1)
C14: 02 | O14: Tušti indai svorio kontrolei (mIt2)
C15: 03 | O15: Tušti indai svorio kontrolei (mIt3)
O16: Tuščių indų ir išvalytos ėminių sistemos tuščiojo ėminio svorio pokytis (mItp)

Sheet Koncentracijos ribinės vertės
A3: Patikrinimas, ar planuojamas surinkti dulkių kiekis suderinamas su tuščiojo ėminio verte ir ar filtras nebus per daug apkrautas
A5: Planuojama surinkti dulkių masė m, g (<2,20 g) | B5: Mažiausia ėminio ėmimo trukmė t, 30 min | C5: Tikėtina dulkių koncentracija cexs, mg/Nm3; | D5: Planuojamas dujų tūrio siurbimo greitis matavimo metu ortakio sąlygomis Vo, l/min.
