Workbook

Sheet Compatibility Report
B1: Compatibility Report for Izo dulkes.xls
B2: Run on 2010.09.30 22:52
B4: The following features in this workbook are not supported by earlier versions of Excel. These features may be lost or degraded when you save this workbook in an earlier file format.
B6: Minor loss of fidelity | E6: # of occurrences
B8: Some cells or styles in this workbook contain formatting that is not supported by the selected file format. These formats will be converted to the closest format available. | E8: 1

Sheet Greitis
D3: Debitas pagal matuotą diferencinį slėgį
A5: Matavimo data | B5: Ėminių registracijos Nr. T-107-2026-E- | C5: Objekto pavadinimas, adresas, taršos šaltinio Nr. | D5: Matavimo taškai ortakyje nuo vidinės sienelės, cm | E5: Išmatuotas diferencinis slėgis taškuose 1 linija, Pdi, hPa | F5: Išmatuotas diferencinis slėgis taškuose 2 linija, Pdi, hPa | G5: Pito vamzdelio koeficientas, K | H5: Temperatūra ortakyje t, oC | I5: Atmosferinis slėgis P, hPa | J5: Statinis slėgis ortakyje ± ΔP, hPa | K5: Dujų slėgis kamine Pk= P+ ΔP, hPa | L5: Dujų mol. masė Ms= qn *22.4, kg/ kmol | M5: Dujų srauto greitis matavimo taškuose, 1 linija, wi = K*129 *√t *√Pdi/ √Pk/√Ms, m/s | N5: Dujų srauto greitis matavimo taškuose, 2 linija wi = K*129 *√t *√Pdi/ √Pk/√Ms, m/s | O5: Vidutinis dujų srauto greitis ortakyje w, m/s | P5: Ortakio diametras, matmenys, m | Q5: Ortakio skerspjūvio plotas F, m2 | R5: Dujų tūrio debitas realiomis sąlygomis Vk = wvid × F, m3/s | S5: Dujų tūrio debitas normaliosiomis sąlygomis Vdr n.s =Vk *0,269*(P±ΔP)/(273+t), m3/s | T5: Vandens kondensato masė m H2O, kg | U5: Vandens garų konc. dujose x=mH2O/Vmn*qn, kg/kg | V5: Sausų dujų tūrio debitas normaliosioms sąlygomis Vn= Vdr n.s *((1/(1+(x*qn/0.8038))) | W5: Prasiurbtas dujų tūris normaliosiomis sąlygomis Vmn, Nm3 | X5: Išplėstinės neapibrėžties koef. A | Y5: Išplėstinė neapibrėžtis (dujų tūrio debitas) Uv | Z5: Išplėstinė neapibrėžtis (dujų srauto greitis) Uw | AA5: Sausų dujų tankis normaliosioms sąlygomis qn, (kg/m3) | AB5: Skaičiavimus atliko (data, inicialai)
A6: 46210 | B6: 7 | C6: UAB ,,Ekopartneris", L. Ivinskio g. 65, Kaunas. Katilinė. Taršos šaltinis Nr. 001. | D6: 1 | E6: 0.14 | G6: 0.836 | H6: =Paėmimas!V9 -> 40 | I6: 1000 | J6: -1 | K6: =SUM(I6:J6) -> 999 | L6: =AA6*22.4 -> 29.060864 | M6: =G6*129*(SQRT(E6*(273+H6)/(I6+J6)/L6)) -> 4.1898181 | O6: =AVERAGE(M6:M12) -> 4.1898181 | P6: 1 | Q6: =+(3.14*P6*P6/4) -> 0.785 | R6: =O6*Q6 -> 3.2890072 | S6: =+(I6+J6)/(273+H6)*0.269*R6 -> 2.8238281 | T6: =H2O!I7 -> 0.005 | U6: =T6/(1.29*W6) -> 0.042265198 | V6: =S6*1/(1+(U6*1.29/0.8038)) -> 2.6444537 | W6: =H2O!H7 -> 0.091705923 | X6: 0.083 | Y6: =V6*X6 -> 0.21948965 | Z6: =O6*X6 -> 0.3477549 | AA6: =Aerodinamika!G27 -> 1.29736 | AB6: S.Č. 2026-
D7: 2 | E7: 0.14 | G7: =(G6) -> 0.836 | H7: =(H6) -> 40 | I7: =(I6) -> 1000 | J7: =(J6) -> -1 | K7: =SUM(I7:J7) -> 999 | L7: =AA6*22.4 -> 29.060864 | M7: =G7*129*(SQRT(E7*(273+H7)/(I7+J7)/L7)) -> 4.1898181 | P7: 0.5 | Q7: =+(P8*P7) -> 0.25 | R7: =O6*Q7 -> 1.0474545 | S7: =+(I6+J6)/(273+H6)*0.269*R7 -> 0.89930831 | T7: =H2O!I7 -> 0.005 | U7: =T7/(1.29*W7) -> 0.042265198 | V7: =S7*(1/(1+(U7*1.29/0.8038))) -> 0.84218269 | W7: =H2O!H7 -> 0.091705923 | X7: 0.083 | Y7: =V7*X7 -> 0.069901164 | Z7: =O6*X7 -> 0.3477549
D8: 3 | E8: 0.14 | G8: =(G6) -> 0.836 | H8: =(H6) -> 40 | I8: =(I6) -> 1000 | J8: =(J6) -> -1 | K8: =SUM(I8:J8) -> 999 | L8: =AA6*22.4 -> 29.060864 | M8: =G8*129*(SQRT(E8*(273+H8)/(I8+J8)/L8)) -> 4.1898181 | P8: 0.5
D9: 4 | E9: 0.14 | G9: =(G6) -> 0.836 | H9: =(H6) -> 40 | I9: =(I6) -> 1000 | J9: =(J6) -> -1 | K9: =SUM(I9:J9) -> 999 | L9: =AA6*22.4 -> 29.060864 | M9: =G9*129*(SQRT(E9*(273+H9)/(I9+J9)/L9)) -> 4.1898181 | W9: Iš Aerodinamika | AA9: Iš Aerodinamika
D10: 5 | E10: 0.14 | G10: =(G6) -> 0.836 | H10: =(H6) -> 40 | I10: =(I6) -> 1000 | J10: =(J6) -> -1 | K10: =SUM(I10:J10) -> 999 | L10: =AA6*22.4 -> 29.060864 | M10: =G10*129*(SQRT(E10*(273+H10)/(I10+J10)/L10)) -> 4.1898181
D11: 6 | E11: 0.14 | G11: =(G6) -> 0.836 | H11: =(H6) -> 40 | I11: =(I6) -> 1000 | J11: =(J6) -> -1 | K11: =SUM(I11:J11) -> 999 | L11: =AA6*22.4 -> 29.060864 | M11: =G11*129*(SQRT(E11*(273+H11)/(I11+J11)/L11)) -> 4.1898181
D12: 7 | E12: 0.14 | G12: =(G6) -> 0.836 | H12: =(H6) -> 40 | I12: =(I6) -> 1000 | J12: =(J6) -> -1 | K12: =SUM(I12:J12) -> 999 | L12: =AA6*22.4 -> 29.060864 | M12: =G12*129*(SQRT(E12*(273+H12)/(I12+J12)/L12)) -> 4.1898181
D14: RPU** | E14: 0 | G14: =(G6) -> 0.836 | H14: =(H6) -> 40 | I14: =(I6) -> 1000 | J14: =(J6) -> -1 | K14: =SUM(I14:J14) -> 999 | L14: =AA6*22.4 -> 29.060864 | M14: =G14*129*(SQRT(E14*(273+H14)/(I14+J14)/L14)) -> 0 | O14: vidurinis taškas 2 matavimas
D18: Debitas pagal matuotą dujų greitį
A20: Matavimo data | B20: Ėminių registracijos Nr. T-107-2026-E- | C20: Objekto pavadinimas, adresas, taršos šaltinio Nr. | D20: Matavimo taškai ortakyje nuo vidinės sienelės, cm | E20: Išmatuotas diferencinis slėgis taškuose 1 linija, Pdi, hPa | F20: Išmatuotas diferencinis slėgis taškuose 2 linija, Pdi, hPa | G20: Pito vamzdelio koeficientas, K | H20: Temperatūra ortakyje t, oC | I20: Atmosferinis slėgis P, hPa | J20: Statinis slėgis ortakyje ± ΔP, hPa | K20: Dujų slėgis kamine Pk= P+ ΔP, hPa | L20: Dujų mol. masė Ms= qn *22.4, kg/ kmol | M20: Dujų srauto greitis matavimo taškuose, 1 linija, wi = K*129 *√t *√Pdi/ √Pk/√Ms, m/s | N20: Dujų srauto greitis matavimo taškuose, 2 linija wi = K*129 *√t *√Pdi/ √Pk/√Ms, m/s | O20: Vidutinis dujų srauto greitis ortakyje w, m/s | P20: Ortakio diametras, matmenys, m | Q20: Ortakio skerspjūvio plotas F, m2 | R20: Dujų tūrio debitas realiomis sąlygomis Vk = wvid × F, m3/s | S20: Dujų tūrio debitas normaliosiomis sąlygomis Vdr n.s =Vk *0,269*(P±ΔP)/(273+t), m3/s | T20: Vandens kondensato masė m H2O, kg | U20: Vandens garų konc. dujose x=mH2O/Vmn*qn, kg/kg | V20: Sausų dujų tūrio debitas normaliosioms sąlygomis Vn= Vdr n.s *((1/(1+(x*qn/0.8038))) | W20: Prasiurbtas dujų tūris normaliosiomis sąlygomis Vmn, Nm3 | X20: Išplėstinės neapibrėžties koef. A | Y20: Išplėstinė neapibrėžtis (dujų tūrio debitas) Uv | Z20: Išplėstinė neapibrėžtis (dujų srauto greitis) Uw | AA20: Sausų dujų tankis normaliosioms sąlygomis qn, (kg/m3) | AB20: Skaičiavimus atliko (data, inicialai)
D21: 3 | H21: 17.9 | I21: 1007 | J21: 0.32 | K21: =SUM(I21:J21) -> 1007.32 | L21: =AA21*22.4 -> 30.24 | M21: 12.517704 | O21: =AVERAGE(M21:M27) -> 11.378199 | P21: 0.3 | Q21: =+(3.14*P21*P21/4) -> 0.07065 | R21: =O21*Q21 -> 0.80386973 | S21: =+(I21+J21)/(273+H21)*0.269*R21 -> 0.74879285 | T21: 0 | U21: =T21/(1.29*W21) -> 0 | V21: =S21*1/(1+(U21*1.29/0.8038)) -> 0.74879285 | W21: 1 | X21: 0.083 | Y21: =V21*X21 -> 0.062149807 | Z21: =O21*X21 -> 0.94439048 | AA21: 1.35
D22: 15 | H22: 17.9 | I22: 1007 | J22: 0.32 | K22: =SUM(I22:J22) -> 1007.32 | L22: =AA21*22.4 -> 30.24 | M22: 11.814195 | P22: 0.35 | Q22: =+(P23*P22) -> 0.14 | R22: =O21*Q22 -> 1.5929478 | S22: =+(I21+J21)/(273+H21)*0.269*R22 -> 1.4838075 | T22: 0 | U22: =T22/(1.29*W22) -> 0 | V22: =S22*(1/(1+(U22*1.29/0.8038))) -> 1.4838075 | W22: 1 | X22: 0.083 | Y22: =V22*X22 -> 0.12315602 | Z22: =O21*X22 -> 0.94439048
D23: 27 | H23: 17.9 | I23: 1007 | J23: 0.32 | K23: =SUM(I23:J23) -> 1007.32 | L23: =AA21*22.4 -> 30.24 | M23: 12.464998 | P23: 0.4
D24: 4 | H24: 17.9 | I24: 1007 | J24: 0.32 | K24: =SUM(I24:J24) -> 1007.32 | L24: =AA21*22.4 -> 30.24 | M24: 11.243119 | W24: Iš Aerodinamika | AA24: Iš Aerodinamika
D25: 7 | H25: 17.9 | I25: 1007 | J25: 0.32 | K25: =SUM(I25:J25) -> 1007.32 | L25: =AA21*22.4 -> 30.24 | M25: 10.263517
D26: 7 | H26: 17.9 | I26: 1007 | J26: 0.32 | K26: =SUM(I26:J26) -> 1007.32 | L26: =AA21*22.4 -> 30.24 | M26: 10.764467
D27: 7 | H27: 17.9 | I27: 1007 | J27: 0.32 | K27: =SUM(I27:J27) -> 1007.32 | L27: =AA21*22.4 -> 30.24 | M27: 10.579391

Sheet H2O
A3: Skaičiuoklė kietųjų dalelių koncentracijai nustatyti. H2O skaičiavimas
B5: Ėminių ėmimo laikas t, min. | C5: Paėmimo greitis, l/min | D5: Atmosf. Slėgis, hPa | E5: Išretėjimas, -hPa | F5: Temp. prie aspirato-riaus, Vtr oC | G5: Dujų tūris normaliom sąlygom, Vn l. | H5: Prasiurbtas dujų tūris normaliosiomis sąlygomis Vmn, Nm3 | I5: Vandens kondensato masė m H2O, kg | J5: Sausų dujų tankis normaliosioms sąlygomis qn (kg/m3) | K5: Drėgmės kiekis X (%) (izokinetinei sistemai) | L5: Pastabos
A7: TŠ 001 H2O | B7: 10 | C7: 10 | D7: =Greitis!I6 -> 1000 | E7: 25.2 | F7: 14 | G7: =+(D7-E7)*B7*C7*0.27/(273+F7) -> 91.705923 | H7: =G7/1000 -> 0.091705923 | I7: 0.005 | J7: =Aerodinamika!G27 -> 1.29736 | K7: =(100*((I7/(H7*J7))/0.8038))/(((I7/(H7*J7))/0.8038)+(1/J7)) -> 6.352173
H11: Pratraukto dujų tūrio suma H2O, Nm3. Įrašyti į "Dujų tūris pagal ISO" W stulpelį | I11: Išmatuotas vandens kiekis 10ltr*10 min. Įrašyti iš "Dujų tūris pagal ISO" T stulpelio

Sheet Paėmimas
C1: EFSVPATD/3-3-1 AAA Aplinkos tyrimų departamentas
A2: Skaičiuoklė kietųjų dalelių koncentracijai nustatyti. Pradinių duomenų nustatymas
A5: Matavimo data | B5: Ėminių registracijos Nr. T-107-2026-E- | C5: Objekto pavadinimas, adresas, taršos šaltinio Nr. | D5: Ortakio skersmuo d (m) | E5: Skerspjūvio plotas A (m2) | F5: Temperatūra ortakyje tor (°C) | G5: Srauto greitis ortakyje wor (m/s) | H5: Atmosfe-rinis slėgis P (hPa) | I5: Statinis slėgis ortakyje ΔPor (hPa) | J5: Slėgis prieš rotametrą ΔPr (±hPa) | K5: Antgalio diametras da (mm) | L5: Prasiurbtas dujų tūris Vm (m3) | M5: Siurbimo laikas t (min) | N5: Siurbimo greitis Vo (l/min) | O5: Siurbiamų dujų temperatūra prieš rotametrą tr (°C) | P5: O2iš (%) (ore 21 %) | Q5: CO2iš (%) (ore 0,04 %) | R5: Darbuotojo inicialai, data | S5: Pastabos | T5: Išmatuota O2 koncentracija (%) | U5: Išmatuota CO2 koncentracija (%) | V5: Temperatūra ortakyje tor (°C) | X5: Išmatuotas diferencinis slėgis taškuose 1 linija, Pdi, hPa | Y5: Srauto greitis ortakyje wor (m/s) | Z5: Izokine-tiškumas (0,95-1,15) | AA5: Pito vamzdelio koeficientas, K
A6: =Greitis!A6 -> 46210 | B6: 1 | C6: =Greitis!C6 -> UAB ,,Ekopartneris", L. Ivinskio g. 65, Kaunas. Katilinė. Taršos šaltinis Nr. 001. | D6: 1 | E6: 0.785 | F6: =V9 -> 40 | G6: =Y6 -> 4.1898181 | H6: =Greitis!I6 -> 1000 | I6: =Greitis!J6 -> -1 | J6: 100 | K6: 7 | L6: =M6*N6/1000 -> 0.06 | M6: 6 | N6: 10 | O6: 10 | P6: =T9 -> 10 | Q6: =U9 -> 4 | R6: S.Č., 2026-05-02 | S6: 1 linija, 1 filtras | T6: 10.02 | U6: 4.1 | V6: 40.2 | X6: =Greitis!E6 -> 0.14 | Y6: =AA6*129*(SQRT(X6*(273+F6)/(H6+I6)/Greitis!L6)) -> 4.1898181 | Z6: =Aerodinamika!K6 -> 1.0363674 | AA6: =Greitis!G6 -> 0.836
F7: =(F6) -> 40 | G7: =Y7 -> 4.1898181 | H7: =(H6) -> 1000 | I7: =(I6) -> -1 | J7: 100 | K7: =(K6) -> 7 | L7: =M7*N7/1000 -> 0.06 | M7: =(M6) -> 6 | N7: 10 | O7: 10 | P7: =(P6) -> 10 | Q7: =(Q6) -> 4 | T7: 9.98 | U7: 3.9 | V7: 39.8 | X7: =Greitis!E7 -> 0.14 | Y7: =AA7*129*(SQRT(X7*(273+F7)/(H7+I7)/Greitis!L7)) -> 4.1898181 | Z7: =Aerodinamika!K7 -> 1.0363674 | AA7: =Greitis!G7 -> 0.836
F8: =(F6) -> 40 | G8: =Y8 -> 4.1898181 | H8: =(H6) -> 1000 | I8: =(I6) -> -1 | J8: 100 | K8: =(K6) -> 7 | L8: =M8*N8/1000 -> 0.06 | M8: =(M6) -> 6 | N8: 10 | O8: 10 | P8: =(P6) -> 10 | Q8: =(Q6) -> 4 | T8: 10 | U8: 4 | V8: 40 | X8: =Greitis!E8 -> 0.14 | Y8: =AA8*129*(SQRT(X8*(273+F8)/(H8+I8)/Greitis!L8)) -> 4.1898181 | Z8: =Aerodinamika!K8 -> 1.0363674 | AA8: =Greitis!G8 -> 0.836
F9: =(F6) -> 40 | G9: =Y9 -> 4.1898181 | H9: =(H6) -> 1000 | I9: =(I6) -> -1 | J9: 100 | K9: =(K6) -> 7 | L9: =M9*N9/1000 -> 0.06 | M9: =(M6) -> 6 | N9: 10 | O9: 10 | P9: =(P6) -> 10 | Q9: =(Q6) -> 4 | T9: =AVERAGE(T6:T8) -> 10 | U9: =AVERAGE(U6:U8) -> 4 | V9: =AVERAGE(V6:V8) -> 40 | X9: =Greitis!E9 -> 0.14 | Y9: =AA9*129*(SQRT(X9*(273+F9)/(H9+I9)/Greitis!L9)) -> 4.1898181 | Z9: =Aerodinamika!K9 -> 1.0363674 | AA9: =Greitis!G9 -> 0.836
F10: =(F6) -> 40 | G10: =Y10 -> 4.1898181 | H10: =(H6) -> 1000 | I10: =(I6) -> -1 | J10: 100 | K10: =(K6) -> 7 | L10: =M10*N10/1000 -> 0.06 | M10: =(M6) -> 6 | N10: 10 | O10: 10 | P10: =(P6) -> 10 | Q10: =(Q6) -> 4 | T10: O2iš, (%) vidurkis | U10: CO2iš, (%) vidurkis | V10: tor vidurkis, °C | X10: =Greitis!E10 -> 0.14 | Y10: =AA10*129*(SQRT(X10*(273+F10)/(H10+I10)/Greitis!L10)) -> 4.1898181 | Z10: =Aerodinamika!K10 -> 1.0363674 | AA10: =Greitis!G10 -> 0.836
F11: =(F6) -> 40 | G11: =Y11 -> 4.1898181 | H11: =(H6) -> 1000 | I11: =(I6) -> -1 | J11: 100 | K11: =(K6) -> 7 | L11: =M11*N11/1000 -> 0.06 | M11: =(M6) -> 6 | N11: 10 | O11: 10 | P11: =(P6) -> 10 | Q11: =(Q6) -> 4 | X11: =Greitis!E11 -> 0.14 | Y11: =AA11*129*(SQRT(X11*(273+F11)/(H11+I11)/Greitis!L11)) -> 4.1898181 | Z11: =Aerodinamika!K11 -> 1.0363674 | AA11: =Greitis!G11 -> 0.836
F12: =(F6) -> 40 | G12: =Y12 -> 4.1898181 | H12: =(H6) -> 1000 | I12: =(I6) -> -1 | J12: 100 | K12: =(K6) -> 7 | L12: =M12*N12/1000 -> 0.06 | M12: =(M6) -> 6 | N12: 10 | O12: 10 | P12: =(P6) -> 10 | Q12: =(Q6) -> 4 | X12: =Greitis!E12 -> 0.14 | Y12: =AA12*129*(SQRT(X12*(273+F12)/(H12+I12)/Greitis!L12)) -> 4.1898181 | Z12: =Aerodinamika!K12 -> 1.0363674 | AA12: =Greitis!G12 -> 0.836
L13: =SUM(L6:L12) -> 0.42 | M13: =SUM(M6:M12) -> 42 | N13: =AVERAGE(N6:N12) -> 10
L14: Suma Vm, m3 | M14: Suma t, min | N14: Vidurkis Vo (l/min)
A17: =(A6) -> 46210 | B17: =(B6) -> 1 | C17: =(C6) -> UAB ,,Ekopartneris", L. Ivinskio g. 65, Kaunas. Katilinė. Taršos šaltinis Nr. 001. | D17: =(D6) -> 1 | E17: =(E6) -> 0.785 | F17: =(F6) -> 40 | G17: =Y17 -> 4.1898181 | H17: =(H6) -> 1000 | I17: =(I6) -> -1 | J17: 100 | K17: =(K6) -> 7 | L17: =M17*N17/1000 -> 0.06 | M17: =(M6) -> 6 | N17: 10 | O17: 10 | P17: =(P6) -> 10 | Q17: =(Q6) -> 4 | R17: =(R6) -> S.Č., 2026-05-02 | S17: 1 linija, 2 filtras | X17: =Greitis!E6 -> 0.14 | Y17: =AA17*129*(SQRT(X17*(273+F17)/(H17+I17)/Greitis!L6)) -> 4.1898181 | Z17: =Aerodinamika!K17 -> 1.0363674 | AA17: =Greitis!G6 -> 0.836
F18: =(F6) -> 40 | G18: =Y18 -> 4.1898181 | H18: =(H6) -> 1000 | I18: =(I6) -> -1 | J18: 100 | K18: =(K17) -> 7 | L18: =M18*N18/1000 -> 0.06 | M18: =(M6) -> 6 | N18: 10 | O18: 10 | P18: =(P6) -> 10 | Q18: =(Q6) -> 4 | X18: =Greitis!E7 -> 0.14 | Y18: =AA18*129*(SQRT(X18*(273+F18)/(H18+I18)/Greitis!L7)) -> 4.1898181 | Z18: =Aerodinamika!K18 -> 1.0363674 | AA18: =Greitis!G7 -> 0.836
F19: =(F6) -> 40 | G19: =Y19 -> 4.1898181 | H19: =(H6) -> 1000 | I19: =(I6) -> -1 | J19: 100 | K19: =(K17) -> 7 | L19: =M19*N19/1000 -> 0.06 | M19: =(M6) -> 6 | N19: 10 | O19: 10 | P19: =(P6) -> 10 | Q19: =(Q6) -> 4 | X19: =Greitis!E8 -> 0.14 | Y19: =AA19*129*(SQRT(X19*(273+F19)/(H19+I19)/Greitis!L8)) -> 4.1898181 | Z19: =Aerodinamika!K19 -> 1.0363674 | AA19: =Greitis!G8 -> 0.836
F20: =(F6) -> 40 | G20: =Y20 -> 4.1898181 | H20: =(H6) -> 1000 | I20: =(I6) -> -1 | J20: 100 | K20: =(K17) -> 7 | L20: =M20*N20/1000 -> 0.06 | M20: =(M6) -> 6 | N20: 10 | O20: 10 | P20: =(P6) -> 10 | Q20: =(Q6) -> 4 | X20: =Greitis!E9 -> 0.14 | Y20: =AA20*129*(SQRT(X20*(273+F20)/(H20+I20)/Greitis!L9)) -> 4.1898181 | Z20: =Aerodinamika!K20 -> 1.0363674 | AA20: =Greitis!G9 -> 0.836
F21: =(F6) -> 40 | G21: =Y21 -> 4.1898181 | H21: =(H6) -> 1000 | I21: =(I6) -> -1 | J21: 100 | K21: =(K17) -> 7 | L21: =M21*N21/1000 -> 0.06 | M21: =(M6) -> 6 | N21: 10 | O21: 10 | P21: =(P6) -> 10 | Q21: =(Q6) -> 4 | X21: =Greitis!E10 -> 0.14 | Y21: =AA21*129*(SQRT(X21*(273+F21)/(H21+I21)/Greitis!L10)) -> 4.1898181 | Z21: =Aerodinamika!K21 -> 1.0363674 | AA21: =Greitis!G10 -> 0.836
F22: =(F6) -> 40 | G22: =Y22 -> 4.1898181 | H22: =(H6) -> 1000 | I22: =(I6) -> -1 | J22: 100 | K22: =(K17) -> 7 | L22: =M22*N22/1000 -> 0.06 | M22: =(M6) -> 6 | N22: 10 | O22: 10 | P22: =(P6) -> 10 | Q22: =(Q6) -> 4 | X22: =Greitis!E11 -> 0.14 | Y22: =AA22*129*(SQRT(X22*(273+F22)/(H22+I22)/Greitis!L11)) -> 4.1898181 | Z22: =Aerodinamika!K22 -> 1.0363674 | AA22: =Greitis!G11 -> 0.836
F23: =(F6) -> 40 | G23: =Y23 -> 4.1898181 | H23: =(H6) -> 1000 | I23: =(I6) -> -1 | J23: 100 | K23: =(K17) -> 7 | L23: =M23*N23/1000 -> 0.06 | M23: =(M6) -> 6 | N23: 10 | O23: 10 | P23: =(P6) -> 10 | Q23: =(Q6) -> 4 | X23: =Greitis!E12 -> 0.14 | Y23: =AA23*129*(SQRT(X23*(273+F23)/(H23+I23)/Greitis!L12)) -> 4.1898181 | Z23: =Aerodinamika!K23 -> 1.0363674 | AA23: =Greitis!G12 -> 0.836
L24: =SUM(L17:L23) -> 0.42 | M24: =SUM(M17:M23) -> 42 | N24: =AVERAGE(N17:N23) -> 10
L25: Suma Vm, m3 | M25: Suma t, min | N25: Vidurkis Vo (l/min)
M27: =(M13+M24) -> 84 | N27: =(N13+N24)/2 -> 10
M28: Viso suma t, min | N28: Vidurkių vidurkis Vo vid (l/min)

Sheet Aerodinamika
C1: EFSVPATD/3-3-2 AAA Aplinkos tyrimų departamentas
C2: Skaičiuoklė kietųjų dalelių koncentracijai nustatyti. Izokinetiškumo nustatymas
A5: Matavimo data | B5: Ėminių registracijos Nr. T-107-2026-E- | C5: Objekto pavadinimas, adresas, taršos šaltinio Nr. | D5: Prasiurbtas dujų tūris Vm (m3) | E5: Prasiurbtas dujų tūris normaliosiomis sąlygomis Vmn (Nm3) | F5: Prasiurbto dujų tūrio normaliosiomis sąlygomis suma Vmn(sum) (Nm3) | G5: Sausų dujų tankis normaliosioms sąlygomis qn (kg/m3) | H5: Drėgmės kiekis X (%) | I5: Pratrauktas drėgnų dujų tūris realiomis sąlygomis Vmk (m3) | J5: Dujų srauto greitis antgalyje v antg. (m/s) | K5: Izokine-tiškumas (0,95-1,15) | L5: Izokine-tiškumo vidurkis (0,95-1,15) | M5: Skaičiavimus atlikusio asmens inicialai, data | N5: Pastabos
A6: =Paėmimas!A6 -> 46210 | B6: =Paėmimas!B6 -> 1 | C6: =Paėmimas!C6 -> UAB ,,Ekopartneris", L. Ivinskio g. 65, Kaunas. Katilinė. Taršos šaltinis Nr. 001. | D6: =Paėmimas!L6 -> 0.06 | E6: =D6*(273/(273+Paėmimas!O6)*(Paėmimas!H6-Paėmimas!J6)/1013) -> 0.051423369 | F6: =SUM(E6:E12) -> 0.35996358 | G6: =((Paėmimas!Q6/100)*1.965)+((Paėmimas!P6/100)*1.429)+((1-(Paėmimas!Q6/100)-(Paėmimas!P6/100))*1.251) -> 1.29736 | H6: =H2O!K7 -> 6.352173 | I6: =(E6/(1-(H6/1000))*((273+Paėmimas!F6)/273)*(1013/(Paėmimas!H6+Paėmimas!I6))) -> 0.060166353 | J6: =(I6/(Paėmimas!M6*60)/((3.142*((Paėmimas!K6/1000)*(Paėmimas!K6/1000))/4))) -> 4.3421909 | K6: =J6/Paėmimas!G6 -> 1.0363674 | L6: =AVERAGE(K6:K12) -> 1.0363674 | M6: =Paėmimas!R6 -> S.Č., 2026-05-02 | N6: =Paėmimas!S6 -> 1 linija, 1 filtras
D7: =Paėmimas!L7 -> 0.06 | E7: =D7*(273/(273+Paėmimas!O7)*(Paėmimas!H7-Paėmimas!J7)/1013) -> 0.051423369 | G7: =((Paėmimas!Q7/100)*1.965)+((Paėmimas!P7/100)*1.429)+((1-(Paėmimas!Q7/100)-(Paėmimas!P7/100))*1.251) -> 1.29736 | H7: =H2O!K7 -> 6.352173 | I7: =(E7/(1-(H7/1000))*((273+Paėmimas!F7)/273)*(1013/(Paėmimas!H7+Paėmimas!I7))) -> 0.060166353 | J7: =(I7/(Paėmimas!M7*60)/((3.142*((Paėmimas!K7/1000)*(Paėmimas!K7/1000))/4))) -> 4.3421909 | K7: =J7/Paėmimas!G7 -> 1.0363674
D8: =Paėmimas!L8 -> 0.06 | E8: =D8*(273/(273+Paėmimas!O8)*(Paėmimas!H8-Paėmimas!J8)/1013) -> 0.051423369 | G8: =((Paėmimas!Q8/100)*1.965)+((Paėmimas!P8/100)*1.429)+((1-(Paėmimas!Q8/100)-(Paėmimas!P8/100))*1.251) -> 1.29736 | H8: =H2O!K7 -> 6.352173 | I8: =(E8/(1-(H8/1000))*((273+Paėmimas!F8)/273)*(1013/(Paėmimas!H8+Paėmimas!I8))) -> 0.060166353 | J8: =(I8/(Paėmimas!M8*60)/((3.142*((Paėmimas!K8/1000)*(Paėmimas!K8/1000))/4))) -> 4.3421909 | K8: =J8/Paėmimas!G8 -> 1.0363674
D9: =Paėmimas!L9 -> 0.06 | E9: =D9*(273/(273+Paėmimas!O9)*(Paėmimas!H9-Paėmimas!J9)/1013) -> 0.051423369 | G9: =((Paėmimas!Q9/100)*1.965)+((Paėmimas!P9/100)*1.429)+((1-(Paėmimas!Q9/100)-(Paėmimas!P9/100))*1.251) -> 1.29736 | H9: =H2O!K7 -> 6.352173 | I9: =(E9/(1-(H9/1000))*((273+Paėmimas!F9)/273)*(1013/(Paėmimas!H9+Paėmimas!I9))) -> 0.060166353 | J9: =(I9/(Paėmimas!M9*60)/((3.142*((Paėmimas!K9/1000)*(Paėmimas!K9/1000))/4))) -> 4.3421909 | K9: =J9/Paėmimas!G9 -> 1.0363674
D10: =Paėmimas!L10 -> 0.06 | E10: =D10*(273/(273+Paėmimas!O10)*(Paėmimas!H10-Paėmimas!J10)/1013) -> 0.051423369 | G10: =((Paėmimas!Q10/100)*1.965)+((Paėmimas!P10/100)*1.429)+((1-(Paėmimas!Q10/100)-(Paėmimas!P10/100))*1.251) -> 1.29736 | H10: =H2O!K7 -> 6.352173 | I10: =(E10/(1-(H10/1000))*((273+Paėmimas!F10)/273)*(1013/(Paėmimas!H10+Paėmimas!I10))) -> 0.060166353 | J10: =(I10/(Paėmimas!M10*60)/((3.142*((Paėmimas!K10/1000)*(Paėmimas!K10/1000))/4))) -> 4.3421909 | K10: =J10/Paėmimas!G10 -> 1.0363674
D11: =Paėmimas!L11 -> 0.06 | E11: =D11*(273/(273+Paėmimas!O11)*(Paėmimas!H11-Paėmimas!J11)/1013) -> 0.051423369 | G11: =((Paėmimas!Q11/100)*1.965)+((Paėmimas!P11/100)*1.429)+((1-(Paėmimas!Q11/100)-(Paėmimas!P11/100))*1.251) -> 1.29736 | H11: =H2O!K7 -> 6.352173 | I11: =(E11/(1-(H11/1000))*((273+Paėmimas!F11)/273)*(1013/(Paėmimas!H11+Paėmimas!I11))) -> 0.060166353 | J11: =(I11/(Paėmimas!M11*60)/((3.142*((Paėmimas!K11/1000)*(Paėmimas!K11/1000))/4))) -> 4.3421909 | K11: =J11/Paėmimas!G11 -> 1.0363674
D12: =Paėmimas!L12 -> 0.06 | E12: =D12*(273/(273+Paėmimas!O12)*(Paėmimas!H12-Paėmimas!J12)/1013) -> 0.051423369 | G12: =((Paėmimas!Q12/100)*1.965)+((Paėmimas!P12/100)*1.429)+((1-(Paėmimas!Q12/100)-(Paėmimas!P12/100))*1.251) -> 1.29736 | H12: =H2O!K7 -> 6.352173 | I12: =(E12/(1-(H12/1000))*((273+Paėmimas!F12)/273)*(1013/(Paėmimas!H12+Paėmimas!I12))) -> 0.060166353 | J12: =(I12/(Paėmimas!M12*60)/((3.142*((Paėmimas!K12/1000)*(Paėmimas!K12/1000))/4))) -> 4.3421909 | K12: =J12/Paėmimas!G12 -> 1.0363674
G13: =AVERAGE(G6:G12) -> 1.29736 | I13: =SUM(I6:I12) -> 0.42116447
G14: Vidurkis qn, (kg/m3) | I14: Suma Vmk (m3)
A17: =Paėmimas!A17 -> 46210 | B17: =Paėmimas!B17 -> 1 | C17: =Paėmimas!C17 -> UAB ,,Ekopartneris", L. Ivinskio g. 65, Kaunas. Katilinė. Taršos šaltinis Nr. 001. | D17: =Paėmimas!L17 -> 0.06 | E17: =D17*(273/(273+Paėmimas!O17)*(Paėmimas!H17-Paėmimas!J17)/1013) -> 0.051423369 | F17: =SUM(E17:E23) -> 0.35996358 | G17: =((Paėmimas!Q17/100)*1.965)+((Paėmimas!P17/100)*1.429)+((1-(Paėmimas!Q17/100)-(Paėmimas!P17/100))*1.251) -> 1.29736 | H17: =H2O!K7 -> 6.352173 | I17: =(E17/(1-(H17/1000))*((273+Paėmimas!F17)/273)*(1013/(Paėmimas!H17+Paėmimas!I17))) -> 0.060166353 | J17: =(I17/(Paėmimas!M17*60)/((3.142*((Paėmimas!K17/1000)*(Paėmimas!K17/1000))/4))) -> 4.3421909 | K17: =J17/Paėmimas!G17 -> 1.0363674 | L17: =AVERAGE(K17:K23) -> 1.0363674 | M17: =Paėmimas!R17 -> S.Č., 2026-05-02 | N17: =Paėmimas!S17 -> 1 linija, 2 filtras
D18: =Paėmimas!L18 -> 0.06 | E18: =D18*(273/(273+Paėmimas!O18)*(Paėmimas!H18-Paėmimas!J18)/1013) -> 0.051423369 | G18: =((Paėmimas!Q18/100)*1.965)+((Paėmimas!P18/100)*1.429)+((1-(Paėmimas!Q18/100)-(Paėmimas!P18/100))*1.251) -> 1.29736 | H18: =H2O!K7 -> 6.352173 | I18: =(E18/(1-(H18/1000))*((273+Paėmimas!F18)/273)*(1013/(Paėmimas!H18+Paėmimas!I18))) -> 0.060166353 | J18: =(I18/(Paėmimas!M18*60)/((3.142*((Paėmimas!K18/1000)*(Paėmimas!K18/1000))/4))) -> 4.3421909 | K18: =J18/Paėmimas!G18 -> 1.0363674
D19: =Paėmimas!L19 -> 0.06 | E19: =D19*(273/(273+Paėmimas!O19)*(Paėmimas!H19-Paėmimas!J19)/1013) -> 0.051423369 | G19: =((Paėmimas!Q19/100)*1.965)+((Paėmimas!P19/100)*1.429)+((1-(Paėmimas!Q19/100)-(Paėmimas!P19/100))*1.251) -> 1.29736 | H19: =H2O!K7 -> 6.352173 | I19: =(E19/(1-(H19/1000))*((273+Paėmimas!F19)/273)*(1013/(Paėmimas!H19+Paėmimas!I19))) -> 0.060166353 | J19: =(I19/(Paėmimas!M19*60)/((3.142*((Paėmimas!K19/1000)*(Paėmimas!K19/1000))/4))) -> 4.3421909 | K19: =J19/Paėmimas!G19 -> 1.0363674
D20: =Paėmimas!L20 -> 0.06 | E20: =D20*(273/(273+Paėmimas!O20)*(Paėmimas!H20-Paėmimas!J20)/1013) -> 0.051423369 | G20: =((Paėmimas!Q20/100)*1.965)+((Paėmimas!P20/100)*1.429)+((1-(Paėmimas!Q20/100)-(Paėmimas!P20/100))*1.251) -> 1.29736 | H20: =H2O!K7 -> 6.352173 | I20: =(E20/(1-(H20/1000))*((273+Paėmimas!F20)/273)*(1013/(Paėmimas!H20+Paėmimas!I20))) -> 0.060166353 | J20: =(I20/(Paėmimas!M20*60)/((3.142*((Paėmimas!K20/1000)*(Paėmimas!K20/1000))/4))) -> 4.3421909 | K20: =J20/Paėmimas!G20 -> 1.0363674
D21: =Paėmimas!L21 -> 0.06 | E21: =D21*(273/(273+Paėmimas!O21)*(Paėmimas!H21-Paėmimas!J21)/1013) -> 0.051423369 | G21: =((Paėmimas!Q21/100)*1.965)+((Paėmimas!P21/100)*1.429)+((1-(Paėmimas!Q21/100)-(Paėmimas!P21/100))*1.251) -> 1.29736 | H21: =H2O!K7 -> 6.352173 | I21: =(E21/(1-(H21/1000))*((273+Paėmimas!F21)/273)*(1013/(Paėmimas!H21+Paėmimas!I21))) -> 0.060166353 | J21: =(I21/(Paėmimas!M21*60)/((3.142*((Paėmimas!K21/1000)*(Paėmimas!K21/1000))/4))) -> 4.3421909 | K21: =J21/Paėmimas!G21 -> 1.0363674
D22: =Paėmimas!L22 -> 0.06 | E22: =D22*(273/(273+Paėmimas!O22)*(Paėmimas!H22-Paėmimas!J22)/1013) -> 0.051423369 | G22: =((Paėmimas!Q22/100)*1.965)+((Paėmimas!P22/100)*1.429)+((1-(Paėmimas!Q22/100)-(Paėmimas!P22/100))*1.251) -> 1.29736 | H22: =H2O!K7 -> 6.352173 | I22: =(E22/(1-(H22/1000))*((273+Paėmimas!F22)/273)*(1013/(Paėmimas!H22+Paėmimas!I22))) -> 0.060166353 | J22: =(I22/(Paėmimas!M22*60)/((3.142*((Paėmimas!K22/1000)*(Paėmimas!K22/1000))/4))) -> 4.3421909 | K22: =J22/Paėmimas!G22 -> 1.0363674
D23: =Paėmimas!L23 -> 0.06 | E23: =D23*(273/(273+Paėmimas!O23)*(Paėmimas!H23-Paėmimas!J23)/1013) -> 0.051423369 | G23: =((Paėmimas!Q23/100)*1.965)+((Paėmimas!P23/100)*1.429)+((1-(Paėmimas!Q23/100)-(Paėmimas!P23/100))*1.251) -> 1.29736 | H23: =H2O!K7 -> 6.352173 | I23: =(E23/(1-(H23/1000))*((273+Paėmimas!F23)/273)*(1013/(Paėmimas!H23+Paėmimas!I23))) -> 0.060166353 | J23: =(I23/(Paėmimas!M23*60)/((3.142*((Paėmimas!K23/1000)*(Paėmimas!K23/1000))/4))) -> 4.3421909 | K23: =J23/Paėmimas!G23 -> 1.0363674
F24: =SUM(F6+F17) -> 0.71992717 | G24: =AVERAGE(G17:G23) -> 1.29736 | I24: =SUM(I17:I23) -> 0.42116447 | L24: =(L6+L17)/2 -> 1.0363674
F25: Viso suma Vmn(sum), Nm3. | G25: Vidurkis qn, (kg/m3) | I25: Suma Vmk (m3) | L25: Izokine-tiškumo vidurkių vidurkis
G27: =(G13+G24)/2 -> 1.29736 | I27: =SUM(I13+I24) -> 0.84232894
G28: Vidurkių vidurkis qn, (kg/m3) | I28: Viso suma Vmk(sum), m3.
D258: Įvestiniai duomenys
D259: Suskaičiuoti duomenys

Sheet Koncentracija 
C1: EFSVPATD/3-3-3 AAA Aplinkos tyrimų departamentas
A2: Skaičiuoklė kietųjų dalelių koncentracijai nustatyti. Kietųjų dalelių koncentracijos nustatymas
A5: Matavimo data | B5: Ėminių registracijos Nr. T-107-2026-E- | C5: Objekto pavadinimas, adresas, taršos šaltinio Nr. | D5: Filtro Nr. | E5: Filtro svoris prieš KD ėmimą mpr (g) | F5: Filtro svoris po KD ėmimo mpo (g) | G5: Tuščiojo ėminio KD svoris mt (g) | H5: Nuosėdų kiekis mn (g) | I5: Indų svorių pokytis mIt (g) | J5: Sausų dujų tūris n.s. Vmn (Nm3) | K5: Kietų dalelių koncentracija c1 (neįvert. O2) (mg/Nm3) | L5: Tuščiojo filtro vertė mft (mg/m3) (< 2 mg/m3) | M5: Surinktų dulkių ir tuščiojo ėminio santykis mFtk (>5) | N5: Skaičiavimus atlikusio asmens inicialai, data | O5: Filtrų skaičius Fsk (vnt.) | P5: Pastabos
A6: =Paėmimas!A6 -> 46210 | B6: =Svėrimas!A6 -> 1 | C6: =Paėmimas!C6 -> UAB ,,Ekopartneris", L. Ivinskio g. 65, Kaunas. Katilinė. Taršos šaltinis Nr. 001. | D6: =Svėrimas!C6 -> 1 | E6: =Svėrimas!G6 -> 4.0517 | F6: =Svėrimas!L6 -> 4.0567 | G6: =Svėrimas!M9 -> 0.0001 | H6: =Svėrimas!M11/O6 -> 5e-05 | I6: =Svėrimas!M16 -> 0 | J6: =Aerodinamika!F6 -> 0.35996358 | K6: =((F6-E6-G6+H6+I6)/J6)*1000 -> 13.751391 | L6: =G6/((Paėmimas!L13+Paėmimas!L24)/O6)*1000 -> 0.23809524 | M6: =(((F6-E6)+H6)+((F7-E7)+H7))/G6 -> 101 | N6: =Svėrimas!N6 -> S.Č., 2025-05-03 | O6: 2 | P6: =Paėmimas!S6 -> 1 linija, 1 filtras
D7: =Svėrimas!C7 -> 2 | E7: =Svėrimas!G7 -> 4.0517 | F7: =Svėrimas!L7 -> 4.0567 | G7: =Svėrimas!M9 -> 0.0001 | H7: =Svėrimas!M11/O6 -> 5e-05 | I7: =Svėrimas!M16 -> 0 | J7: =Aerodinamika!F17 -> 0.35996358 | K7: =((F7-E7-G7+H7+I7)/J7)*1000 -> 13.751391 | P7: =Paėmimas!S17 -> 1 linija, 2 filtras

Sheet Svėrimas
C1: FSVPATD/3-3-4 AAA Aplinkos tyrimų departamentas
A2: Skaičiuoklė kietųjų dalelių koncentracijai nustatyti. Svėrimas
A4: Ėminių registracijos Nr. T-107-2026-E- | B4: Objekto pavadinimas, adresas, taršos šaltinio Nr. | C4: Filtro/ indo Nr. | D4: Tuščio filtro/indo svėrimo data | E4: Filtro/indo svoris prieš KD ėmimą mpr (g) | H4: Atsakingo asmens inicialai, data | I4: Filtro/indo su ėminiu svėrimo data | J4: Filtro/indo svoris po KD ėmimo mpo (g) | M4: Kietųjų dalelių svoris mf/Svorių pokytis (g) (<2,20 g filtro talpumas) | N4: Atsakingo asmens inicialai, data | O4: Pastabos
E5: 1 | F5: 2 | G5: 3 | J5: 1 | K5: 2 | L5: 3
A6: =Paėmimas!B6 -> 1 | B6: =Paėmimas!C6 -> UAB ,,Ekopartneris", L. Ivinskio g. 65, Kaunas. Katilinė. Taršos šaltinis Nr. 001. | C6: 1 | D6: =Paėmimas!A6 -> 46210 | E6: 4.0517 | F6: 4.0517 | G6: 4.0517 | H6: =Paėmimas!R6 -> S.Č., 2026-05-02 | I6: 45780 | J6: 4.0567 | K6: 4.0567 | L6: 4.0567 | M6: =L6-G6 -> 0.005 | N6: S.Č., 2025-05-03 | O6: =Paėmimas!S6 -> 1 linija, 1 filtras
C7: 2 | E7: 4.0517 | F7: 4.0517 | G7: 4.0517 | J7: 4.0567 | K7: 4.0567 | L7: 4.0567 | M7: =L7-G7 -> 0.005 | O7: =Paėmimas!S17 -> 1 linija, 2 filtras
M8: =L8-G8 -> 0
C9: 3 | E9: 3.7018 | F9: 3.7018 | G9: 3.7018 | J9: 3.7019 | K9: 3.7019 | L9: 3.7019 | M9: =L9-G9 -> 0.0001 | O9: Tuščiasis ėminys (mt)
C11: 41 | E11: 56.4998 | F11: 56.4998 | G11: 56.4998 | J11: 56.4999 | K11: 56.4999 | L11: 56.4999 | M11: =L11-G11 -> 0.0001 | O11: Išplautos nuosėdos (mn)
C12: 00 | E12: 49.8388 | F12: 49.8388 | G12: 49.8388 | J12: 49.8388 | K12: 49.8388 | L12: 49.8388 | M12: =L12-G12 -> 0 | O12: Išvalytos ėminių sistemos tuščiasis ėminys (mIt)
C13: 01 | E13: 54.7893 | F13: 54.7893 | G13: 54.7893 | J13: 54.7894 | K13: 54.7894 | L13: 54.7894 | M13: =L13-G13 -> 0.0001 | O13: Tušti indai svorio kontrolei (mIt1)
C14: 02 | E14: 57.3979 | F14: 57.3979 | G14: 57.3979 | J14: 57.3978 | K14: 57.3978 | L14: 57.3978 | M14: =L14-G14 -> -0.0001 | O14: Tušti indai svorio kontrolei (mIt2)
C15: 03 | E15: 53.9279 | F15: 53.9279 | G15: 53.9279 | J15: 53.9279 | K15: 53.9279 | L15: 53.9279 | M15: =L15-G15 -> 0 | O15: Tušti indai svorio kontrolei (mIt3)
M16: =AVERAGE(M13:M15)+M12 -> 0 | O16: Tuščių indų ir išvalytos ėminių sistemos tuščiojo ėminio svorio pokytis (mItp)

Sheet Koncentracijos ribinės vertės
A3: Patikrinimas, ar planuojamas surinkti dulkių kiekis suderinamas su tuščiojo ėminio verte ir ar filtras nebus per daug apkrautas
A5: Planuojama surinkti dulkių masė m, g (<2,20 g) | B5: Mažiausia ėminio ėmimo trukmė t, 30 min | C5: Tikėtina dulkių koncentracija cexs, mg/Nm3; | D5: Planuojamas dujų tūrio siurbimo greitis matavimo metu ortakio sąlygomis Vo, l/min.
A6: =(B6*C6*D6)/1000000 -> 1.944 | B6: 30 | C6: 5400 | D6: 12
